순번,RAPA식별코드,공사명,건물명/도로명,본부,시도,시군구,읍면동,주소,세대수,동수,관로동,위도,경도,폴리곤확보여부,단지건물수(폴리곤),건물데이터출처,도면보유여부,분석상태,종합커버리지(%),설치Site수,설치Sector수,분석소요시간(초),분석일시(KST),분석출처,특이사항/에러,사업년도,준공예정일,준공사
1,m-RAPA-2202-0846,대구 신암동 삼정그린코아 더베스트,신암동 삼정그린코아 더베스트,동부,대구광역시,동구,신암동,대구광역시 동구 신암동 225 4,850,10,"101,102,103,105,106,000",35.8815054,128.6229404,확보,10,dxf_extraction(m-RAPA-2202-0846.dxf 옥외배치도),보유,완료 (OK),65.2,4,9,1,2026-09-05 13:23:42,화면(수동),,2027,2027-12-30,SKT
2,m-RAPA-2208-4903,송도자이풍경채그라노블4단지아파트,송도자이풍경채그라노블4단지아파트,수도권,인천광역시,연수구,송도동,인천광역시 연수구 송도동 553,504,2,"14,011,402",37.378391,126.677678,확보,26,complex_polygon+buffer0.0015,미보유,완료 (OK),84.6,2,3,1,2026-08-23 02:03:57,화면(수동),,2027,2027-12-30,LGU+
3,m-RAPA-1811-6729,성남도환중1구역 도시환경정비사업(2BL),해링턴 플레이스 신흥역,수도권,경기도,성남시 중원구,중앙동,경기도 성남시 중원구 중앙동 912,640,6,상세참조,37.44064497,127.1494202,확보,404,complex_polygon+buffer0.0015,미보유,완료 (OK),59.9,12,25,374,2026-08-20 12:03:17,배치(자동),,2027,2027-12-30,SKT
4,m-RAPA-1909-5217,구리 딸기원2지구 2단지 주택재개발정비사업,중흥S-클래스 힐더포레,수도권,경기도,구리시,교문동,경기도 구리시 교문동 339,298,6,미지정,37.59979497,127.1189646,확보,144,complex_polygon+buffer0.0015,미보유,완료 (OK),61.5,5,14,381,2026-08-20 12:09:38,배치(자동),,2027,2027-12-30,RAPA
5,m-RAPA-1712-03-02-2847,행신 2-1구역 주택재건축 정비사업,행신한신더휴,수도권,경기도,고양시 덕양구,행신동,경기도 고양시 덕양구 행신동 173 1,272,4,미지정,37.6204766,126.8445206,미확보,0,error,미보유,실패 (NOK),,,,1,2026-08-23 11:11:15,배치(자동),유효한 건물 또는 단지 폴리곤 데이터가 없습니다 (key: m-RAPA-1712-03-02-2847),2027,2027-12-30,RAPA
6,m-RAPA-2004-1807,고랑동 광신프로그레스 공동주택 신축공사,북전주 광신프로그레스,서부,전북특별자치도,전주시 덕진구,고랑동,전북특별자치도 전주시 덕진구 고랑동 742,384,6,미지정,35.87489512,127.0848734,미확보,0,error,미보유,실패 (NOK),,,,1,2026-08-23 11:11:15,배치(자동),유효한 건물 또는 단지 폴리곤 데이터가 없습니다 (key: m-RAPA-2004-1807),2027,2027-12-30,RAPA
7,m-RAPA-2308-2831,수원당수 1지구 C3블록 공동주택 신축공사,-,수도권,경기도,수원시 권선구,금곡동,경기도 수원시 권선구 금곡동 수원당수 공공주택지구 C3,452,10,미지정,37.28062325,126.9453788,확보,39,complex_polygon+buffer0.0015,미보유,완료 (OK),72.8,3,7,45,2026-09-05 01:13:57,배치(자동),,2027,2027-12-30,RAPA
8,m-RAPA-1902-0701,무거동 공동주택 신축공사,무거 비스타동원,동부,울산광역시,남구,무거동,울산광역시 남구 무거동 822 1,481,4,미지정,35.54994042,129.2594716,확보,315,complex_polygon+buffer0.0015,미보유,완료 (OK),70.6,2,3,119,2026-09-05 07:40:25,배치(자동),,2027,2027-12-30,SKT
9,m-RAPA-2304-1562,아산탕정자이퍼스트시티아파트,아산탕정자이퍼스트시티아파트,중부,충청남도,아산시,탕정면,충청남도 아산시 탕정면 동산리 아산 센트럴시티 도시개발사업 A1,799,6,"101,102,103,104",36.82138709,127.0900644,확보,8,complex_polygon+buffer0.0015,미보유,완료 (OK),58.3,2,4,1,2026-08-27 13:28:11,화면(수동),,2027,2027-12-30,SKT
10,m-RAPA-2405-1502,삼척 교동2차 공동주택 신축공사,트리븐 삼척,수도권,강원특별자치도,삼척시,교동,강원특별자치도 삼척시 교동 99 14,359,4,미지정,37.45223867,129.1768489,미확보,0,error,미보유,미분석,,,,,,,,2027,2027-12-30,RAPA
11,m-RAPA-2103-1631,구리인창센트레빌인더포레아파트,구리인창센트레빌인더포레아파트,수도권,경기도,구리시,인창동,경기도 구리시 인창동 515 1,244,3,미지정,37.60655063,127.1347744,확보,127,complex_polygon+buffer0.0015,미보유,완료 (OK),77.7,2,2,63,2026-09-05 13:27:11,배치(자동),,2027,2027-12-30,LGU+
12,m-RAPA-1908-4586,래미안송도역센트리폴3BL_아파트,래미안송도역센트리폴3BL_아파트,수도권,인천광역시,연수구,옥련동,인천광역시 연수구 옥련동 송도역세권구역 A3,1024,6,"301,303,305",37.430359,126.651239,확보,26,complex_polygon+buffer0.0015,미보유,완료 (OK),83.9,3,7,1,2026-08-23 01:56:03,화면(수동),,2027,2027-12-30,KT
13,m-RAPA-2202-1046,경기도 안양시 비산동 근린생활시설,경기도 안양시 동안구 비산동 354-10 근린생활시설 신축공사 관련 공식 건물명 또는 아파트명을 특정할 수 있는 공개 정보가 확인되지 않음.,수도권,경기도,안양시 동안구,비산동,경기도 안양시 동안구 비산동 354 10,0,1,1. 지상1층 : D.A 상부 인근,37.40224427,126.945087,확보,144,complex_polygon+buffer0.0015,미보유,완료 (OK),67.7,4,11,2466,2026-09-05 14:07:13,배치(자동),,2027,2027-12-30,RAPA
14,m-RAPA-2407-1893,흑석9 재정비촉진구역 주택재개발 정비사업,-,수도권,서울특별시,동작구,흑석동,서울특별시 동작구 흑석동 90,1548,20,"101,102,103,104,106,000,000,000,000,000",37.5048484,126.9623299,미확보,0,error,미보유,미분석,,,,,,,,2027,2027-12-29,KT
15,m-RAPA-2202-0827,대전 중구 유천동 주상복합,유천 태영데시앙,중부,대전광역시,중구,유천동,대전광역시 중구 유천동 340 1,518,3,미지정,36.3156182,127.3895875,미확보,0,error,미보유,미분석,,,,,,,,2027,2027-12-29,LGU+
16,m-RAPA-2312-4183,힐스테이트도안리버파크3단지아파트,힐스테이트도안리버파크3단지아파트,중부,대전광역시,유성구,학하동,대전광역시 유성구 학하동 대전 도안 2-2지구 도시개발사업 SA2,1639,14,"306,307,309,312,314",36.33467305,127.3217299,확보,63,complex_polygon+buffer0.0015,미보유,완료 (OK),67.5,4,10,451,2026-09-05 17:57:37,배치(자동),,2027,2027-12-28,LGU+
17,m-RAPA-2008-4501,장한평역청년주택아파트,장한평역청년주택아파트,수도권,서울특별시,성동구,용답동,서울특별시 성동구 용답동 231 1,1461,1,미지정,37.56063724,127.0634777,미확보,0,error,미보유,미분석,,,,,,,,2027,2027-12-23,-
18,m-RAPA-2310-3747,23 원주무실 A-2BL 공동주택 건설공사,원주무실 A-2블록 공공분양주택,수도권,강원특별자치도,원주시,무실동,강원특별자치도 원주시 무실동 원주무실 공공지원민간임대주택 공급촉진지구 A-2,560,7,"201,203,205",37.31043411,127.921317,확보,24,complex_polygon+buffer0.0015,미보유,완료 (OK),62.4,2,5,59,2026-09-05 20:51:51,배치(자동),,2027,2027-12-21,KT
19,m-RAPA-2406-1649,화천화천 공동주택 복합개발사업 설계용역,-,수도권,강원특별자치도,화천군,화천읍,강원특별자치도 화천군 화천읍 하리 59 6,72,1,1. 지상1층: D.A 상부 외벽,38.1042008,127.7070866,미확보,0,error,미보유,미분석,,,,,,,,2027,2027-12-20,RAPA
20,m-RAPA-2110-6771,고양장항 S-1BL 공동주택 건설공사,고양장항 S-1블록 공공분양주택,수도권,경기도,고양시 일산동구,장항동,경기도 고양시 일산동구 장항동 고양장항 공공주택지구 S-1,869,13,"103,105,106,109,111",37.64657497,126.7571057,확보,41,complex_polygon+buffer0.0015,미보유,완료 (OK),67.6,4,9,194,2026-09-05 20:54:06,배치(자동),,2027,2027-12-17,LGU+
21,m-RAPA-2304-1270,용인 은화삼지구 공동주택 신축공사 A2BL,용인 은화삼지구 푸르지오,수도권,경기도,용인시 처인구,남동,경기도 용인시 처인구 남동 126 1,1804,13,"20,022,003,200,420,000,000,000,000,000,000",-,-,미확보,0,,미보유,미분석,,,,,,,,2027,2027-12-16,SKT
22,m-RAPA-2110-6490,시흥거모지구 A-5BL 공동주택 건설공사,시흥거모 A-5BL 신혼희망타운,수도권,경기도,시흥시,계수동,경기도 시흥시 계수동 시흥거모 공공주택지구 A-5,435,6,미지정,37.34908222,126.7757981,확보,8,complex_polygon+buffer0.0015,미보유,완료 (OK),65.2,3,6,48,2026-09-05 20:52:39,배치(자동),,2027,2027-12-16,RAPA
23,m-RAPA-2206-3802,노량진 KT부지 역세권 청년주택 신축공사,노량진역세권청년주택,수도권,서울특별시,동작구,노량진동,서울특별시 동작구 노량진동 56 1,403,1,미지정,37.5131448,126.9412346,미확보,0,error,미보유,미분석,,,,,,,,2027,2027-12-14,RAPA
24,m-RAPA-2203-1802,충남 논산시 취암동 141일원 공동주택 신축공사,논산오거리 지역주택조합 아파트,중부,충청남도,논산시,취암동,충청남도 논산시 취암동 141 1,429,7,미지정,36.194051,127.0962617,확보,146,complex_polygon+buffer0.0015,미보유,완료 (OK),72.9,2,4,189,2026-09-05 21:31:59,배치(자동),,2027,2027-12-09,RAPA
25,m-RAPA-2102-0689,제기1구역 주택재건축정비사업,경동미주아파트,수도권,서울특별시,동대문구,제기동,서울특별시 동대문구 제기동 892 68,351,2,미지정,37.57917944,127.0355941,확보,145,complex_polygon+buffer0.0015,미보유,완료 (OK),72.8,2,4,237,2026-09-05 21:32:46,배치(자동),,2027,2027-12-05,RAPA
26,m-RAPA-2204-1942,용인 남사(아곡)지구 7BL 공동주택 신축공사,-,수도권,경기도,용인시 처인구,남사면,경기도 용인시 처인구 남사면 아곡리 705,660,7,"704,705,706",37.15152423,127.1716072,확보,45,complex_polygon+buffer0.0015,미보유,완료 (OK),75.5,3,7,182,2026-09-05 21:35:01,배치(자동),,2027,2027-11-30,LGU+
27,m-RAPA-2303-1186,양주시 덕계지구 공동주택 개발사업,한신공영 양주 덕계동 아파트,수도권,경기도,양주시,덕계동,경기도 양주시 덕계동 707 1,724,7,"102,103,104,106",37.81391094,127.0437686,확보,121,complex_polygon+buffer0.0015,미보유,완료 (OK),61.9,2,5,205,2026-09-05 21:36:11,배치(자동),,2027,2027-11-29,SKT
28,m-RAPA-2209-5291,충청남도 천안시 서북구 두정동 양우내안애 신축공사,천안 두정역 양우내안애 퍼스트로,중부,충청남도,천안시 서북구,두정동,충청남도 천안시 서북구 두정동 393 11,418,6,미지정,36.83773775,127.1544275,확보,162,complex_polygon+buffer0.0015,미보유,완료 (OK),61.2,1,2,205,2026-09-05 21:38:26,배치(자동),,2027,2027-11-29,RAPA
29,m-RAPA-2303-1174,평택화양서희스타힐스센트럴파크2차아파트,평택화양서희스타힐스센트럴파크2차아파트,수도권,경기도,평택시,안중읍,경기도 평택시 안중읍 현화리 평택 화양지구 도시개발사업 공동3,815,8,"101,104,106,107",36.986095,126.90503,확보,39,complex_polygon+buffer0.0015,미보유,완료 (OK),64.2,2,6,175,2026-09-05 21:39:06,배치(자동),,2027,2027-11-29,LGU+
30,m-RAPA-2304-1556,평택브레인시티수자인아파트,평택브레인시티수자인아파트,수도권,경기도,평택시,장안동,경기도 평택시 장안동 평택 브레인시티 일반산업단지 공동8,900,6,"101,103,105",37.047327,127.095856,확보,22,complex_polygon+buffer0.0015,미보유,완료 (OK),67.8,2,5,51,2026-09-05 21:39:17,배치(자동),,2027,2027-11-29,LGU+
31,m-RAPA-2201-0300,파주운정 3 A블럭 공공지원 민간임대주택사업,파주 운정신도시 A3블록 공공지원민간임대주택,수도권,경기도,파주시,당하동,경기도 파주시 당하동 파주운정3 택지개발계획 A3,1222,11,"301,303,305,307,310,000",37.7391879,126.7579606,미확보,0,error,미보유,미분석,,,,,,,,2027,2027-11-29,KT
32,m-RAPA-2310-3755,마곡지구 16단지 아파트 건설사업,마곡 엠밸리 16단지,수도권,서울특별시,강서구,마곡동,서울특별시 강서구 마곡동 753,608,6,"160,116,031,604",37.57194899,126.824837,미확보,0,error,미보유,미분석,,,,,,,,2027,2027-11-29,-
33,m-RAPA-2401-0286,검단신도시푸르지오더파크아파트,검단신도시푸르지오더파크아파트,수도권,인천광역시,검단구,마전동,인천광역시 검단구 마전동 인천검단지구 택지개발사업 AA28,919,13,"700,270,057,007,700,000,000,000",37.600015,126.672565,확보,71,complex_polygon+buffer0.0015,미보유,완료 (OK),66.5,3,7,299,2026-09-05 21:44:05,배치(자동),,2027,2027-11-29,KT
34,m-RAPA-1902-0738,원주시 원동 다박골 주택재개발 정비사업 공동주택(2단지) 신축공사,원주 푸르지오 더센트럴,수도권,강원특별자치도,원주시,원동,강원특별자치도 원주시 원동 274 40,229,3,미지정,37.34350101,127.9463628,확보,461,complex_polygon+buffer0.0015,미보유,완료 (OK),66.6,3,7,1660,2026-09-06 20:40:02,배치(자동),,2027,2027-11-29,RAPA
35,m-RAPA-1902-0739,원주시 원동 다박골 주택재개발 정비사업 공동주택(1단지) 신축공사,원주 푸르지오 더 센트럴,수도권,강원특별자치도,원주시,원동,강원특별자치도 원주시 원동 274 40,1273,15,"101,103,104,108,111,000",37.34350101,127.9463628,확보,461,complex_polygon+buffer0.0015,미보유,미분석,,,,,,,,2027,2027-11-29,SKT
36,m-RAPA-1810-6059,성남시 산성구역 주택재개발 정비사업 [4BL],산성역 헤리스톤,수도권,경기도,성남시 수정구,산성동,경기도 성남시 수정구 산성동 1336,1682,24,"403,405,410,411,412,000,000,000,000,000",37.45436411,127.1520017,확보,473,complex_polygon+buffer0.0015,미보유,완료 (OK),60.2,5,15,12049,2026-09-06 23:33:12,배치(자동),,2027,2027-11-24,SKT
37,m-RAPA-1810-6058,성남시 산성구역 주택재개발 정비사업 [3BL],산성역 헤리스톤,수도권,경기도,성남시 수정구,산성동,경기도 성남시 수정구 산성동 1336,603,9,"304,306,307,308",37.45446354,127.1515434,확보,473,complex_polygon+buffer0.0015,미보유,미분석,,,,,,,,2027,2027-11-24,SKT
38,m-RAPA-1810-6053,성남시 산성구역 주택재개발 정비사업 [1BL],산성역 헤리스톤,수도권,경기도,성남시 수정구,산성동,경기도 성남시 수정구 산성동 1336,421,4,미지정,37.45446354,127.1515434,확보,473,complex_polygon+buffer0.0015,미보유,미분석,,,,,,,,2027,2027-11-24,RAPA
39,m-RAPA-2110-6396,시흥하중 공공주택지구 A-4BL 공동주택 건설공사,시흥하중 A-4블록 신혼희망타운,수도권,경기도,시흥시,하중동,경기도 시흥시 하중동 시흥하중 공공주택지구 A-4,584,11,"101,103,105,106,109",37.39750961,126.7994155,확보,86,complex_polygon+buffer0.0015,미보유,완료 (OK),73.5,3,7,159,2026-09-06 20:42:41,배치(자동),,2027,2027-11-11,LGU+
40,m-RAPA-2302-0604,광주송암공원중흥S-클래스SK뷰_아파트,광주송암공원중흥S-클래스SK뷰_아파트,서부,전남광주통합특별시,남구,송하동,전남광주통합특별시 남구 송하동 177,1577,17,"102,104,105,109,110,000,000,000",35.10574946,126.8844474,확보,153,complex_polygon+buffer0.0015,미보유,완료 (OK),69.7,4,10,491,2026-09-06 20:50:52,배치(자동),,2027,2027-11-11,-
41,m-RAPA-1901-0546,김포북변우미린파크리브아파트,김포북변우미린파크리브아파트,수도권,경기도,김포시,북변동,경기도 김포시 북변동 329 2,1193,13,"103,104,106,108,110,000",37.62669388,126.707143,확보,245,complex_polygon+buffer0.0015,미보유,미분석,,,,,,,,2027,2027-11-11,KT
42,m-RAPA-2207-4396,의정부 금오동 터미널부지 내 공동주택 신축공사,의정부역 트리플시티,수도권,경기도,의정부시,금오동,경기도 의정부시 금오동 360 4,656,4,"101,102,103,104",37.74684657,127.0570668,확보,14,complex_polygon+buffer0.0015,미보유,미분석,,,,,,,,2027,2027-11-11,LGU+
43,m-RAPA-2202-1044,뉴타운맨션 삼호아파트지구 재건축정비사업,뉴타운맨션·삼호아파트,수도권,경기도,안양시 동안구,비산동,경기도 안양시 동안구 비산동 354 10,2737,26,"104,106,109,110,112,000,000,000,000,000,000",37.40180243,126.9445455,확보,144,complex_polygon+buffer0.0015,미보유,미분석,,,,,,,,2027,2027-11-11,LGU+
44,m-RAPA-2302-0378,사하구 감천동 공동주택 신축공사,감천 경남아너스빌,동부,부산광역시,사하구,감천동,부산광역시 사하구 감천동 582 1,380,6,미지정,35.09284858,128.9953015,확보,302,complex_polygon+buffer0.0015,미보유,완료 (OK),64.3,2,3,104,2026-09-06 20:52:36,배치(자동),,2027,2027-11-11,RAPA
45,m-RAPA-2401-0071,의왕 월암 B2블럭 공동주택 신축공사,의왕월암지구 디에트르 레이크파크,수도권,경기도,의왕시,월암동,경기도 의왕시 월암동 의왕월암 공공주택지구 B2,703,7,"203,206,207",37.30775909,126.9592675,확보,43,complex_polygon+buffer0.0015,미보유,미분석,,,,,,,,2027,2027-11-11,SKT
46,m-RAPA-2407-1997,봉선동 161번지 일원,봉선동 르오네뜨 2차,서부,전남광주통합특별시,남구,봉선동,전남광주통합특별시 남구 봉선동 161,56,1,미지정,35.12618987,126.9139939,미확보,0,error,미보유,미분석,,,,,,,,2027,2027-11-07,RAPA
47,m-RAPA-2312-4359,부산모라 복합개발 공동주택,-,동부,부산광역시,사상구,모라동,부산광역시 사상구 모라동 656 6,94,1,1. 지상1층 : D.A 상부 인근,35.1892653,128.9855333,미확보,0,error,미보유,미분석,,,,,,,,2027,2027-10-31,RAPA
48,m-RAPA-2306-2163,반포디에이치클래스트아파트_2/3단지,반포디에이치클래스트아파트_2/3단지,수도권,서울특별시,서초구,반포동,서울특별시 서초구 반포동 810,5002,50,"101,103,104,109,113,000,000,000,000,000,000,000,000,000,000,000,000,000,000,000,000",37.50328887,126.9874431,확보,105,complex_polygon+buffer0.0015,미보유,완료 (OK),63.0,11,30,25900,2026-09-07 04:04:16,배치(자동),,2027,2027-10-31,KT
49,m-RAPA-2107-4640,부산 장안지구 공동주택  내 B-1BL 우미린 공동주택 신축공사,부산장안지구우미린프리미어아파트,동부,부산광역시,기장군,장안읍,부산광역시 기장군 장안읍 좌동리 부산장안지구 택지개발사업 B-1,419,4,미지정,35.321858,129.239099,확보,37,complex_polygon+buffer0.0015,미보유,완료 (OK),82.2,2,5,16,2026-09-06 23:33:28,배치(자동),,2027,2027-10-31,KT
50,m-RAPA-2210-5889,부산광역시 진구 범천동 858-53번지 주거형 오피스텔 신축공사,희망더함아파트,동부,부산광역시,부산진구,범천동,부산광역시 부산진구 범천동 858 53,100,1,미지정,35.14831152,129.060099,미확보,0,error,미보유,미분석,,,,,,,,2027,2027-10-30,KT
51,m-RAPA-2410-2982,인천검단 AA-19BL아파트,인천검단 AA-19BL아파트,수도권,인천광역시,검단구,불로동,인천광역시 검단구 불로동 인천검단지구 택지개발사업 AA19,1323,6,"190,219,041,906",37.6088705,126.7027419,미확보,0,error,미보유,미분석,,,,,,,,2027,2027-10-30,LGU+
52,m-RAPA-2302-0462,계양롯데캐슬파크시티1단지_아파트,계양롯데캐슬파크시티1단지_아파트,수도권,인천광역시,계양구,효성동,인천광역시 계양구 효성동 효성 도시개발구역 공3,1964,20,"10,021,004,100,610,100,000,000,000,000,000",37.533198,126.703314,확보,52,complex_polygon+buffer0.0015,미보유,미분석,,,,,,,,2027,2027-10-30,KT
53,m-RAPA-1905-3023,'19 인천검단지구 AA19BL 공동주택(국민/영구),-,수도권,인천광역시,검단구,불로동,인천광역시 검단구 불로동 검단지구 AA19,1322,8,"190,119,041,906",37.608916,126.70273,미확보,0,error,미보유,미분석,,,,,,,,2027,2027-10-30,SKT
54,m-RAPA-2408-2237,영도 청학동 414-50,한라청학아파트,동부,부산광역시,영도구,청학동,부산광역시 영도구 청학동 414 50,0,9,1. 지하1층 : 쓰레기집하장 인근 외벽,35.09292409,129.057924,미확보,0,error,미보유,미분석,,,,,,,,2027,2027-10-30,RAPA
55,m-RAPA-2305-1719,서울 중랑구 신내동 482-1 신일빌라 소규모재건축정비사업,신일빌라 소규모재건축정비사업조합,수도권,서울특별시,중랑구,신내동,서울특별시 중랑구 신내동 482 1,68,1,1.지상1층: 야외커뮤니티 인근 지하층 환기부,37.60281374,127.0974466,미확보,0,error,미보유,미분석,,,,,,,,2027,2027-10-29,RAPA
56,m-RAPA-2110-6170,지금도농1-1구역 재개발 정비사업,다산동아파트,수도권,경기도,남양주시,다산동,경기도 남양주시 다산동 4312 4,400,6,미지정,37.61011183,127.1501885,미확보,0,error,미보유,미분석,,,,,,,,2027,2027-10-28,RAPA
57,m-RAPA-2206-3348,수원시 장안구 정자동 주상복합 신축공사,정자동주상복합아파트,수도권,경기도,수원시 장안구,정자동,경기도 수원시 장안구 정자동 435 1,92,1,미지정,37.30603981,126.9921201,미확보,0,error,미보유,미분석,,,,,,,,2027,2027-10-28,SKT
58,m-RAPA-2211-6191,서울시 동작구 노량진동 117-1번지외 2필지 개발사업,동작구 노량진동 117-2 역세권 청년주택,수도권,서울특별시,동작구,노량진동,서울특별시 동작구 노량진동 117 1,432,1,미지정,37.51362887,126.9444974,미확보,0,error,미보유,미분석,,,,,,,,2027,2027-10-25,LGU+
59,m-RAPA-2310-3547,천안아이파크시티,천안아이파크시티,중부,충청남도,천안시 서북구,성성동,충청남도 천안시 서북구 성성동 34 4,1126,11,"101,102,104,105,106,000,000,000",36.84281008,127.1417631,확보,45,complex_polygon+buffer0.0015,미보유,완료 (OK),65.3,3,8,121,2026-09-06 23:35:29,배치(자동),,2027,2027-10-23,-
60,m-RAPA-2310-3536,원주무실 A-1BL 공동주택 건설공사,원주무실 A-1블록 공공임대주택,수도권,강원특별자치도,원주시,무실동,강원특별자치도 원주시 무실동 원주무실 공공지원민간임대주택 공급촉진지구 A-1,580,9,"101,102,104,106,108",37.309801,127.9237648,미확보,0,error,미보유,미분석,,,,,,,,2027,2027-10-20,SKT
61,m-RAPA-2110-6621,순창 순화지구 도시개발구역 2BL 공동주택 신축공사,대상 웰라움 순창,서부,전북특별자치도,순창군,순창읍,전북특별자치도 순창군 순창읍 순화리 순창 순화지구 도시개발구역 공동2,263,5,미지정,35.38151155,127.1374385,확보,22,complex_polygon+buffer0.0015,미보유,완료 (OK),70.8,1,3,5,2026-09-06 23:35:34,배치(자동),,2027,2027-10-20,RAPA
62,m-RAPA-1810-6057,성남시 산성구역 주택재개발 정비사업 [2BL],산성역 헤리스톤,수도권,경기도,성남시 수정구,산성동,경기도 성남시 수정구 산성동 1336,781,8,"202,206,207,208",37.45446354,127.1515434,확보,473,complex_polygon+buffer0.0015,미보유,미분석,,,,,,,,2027,2027-10-17,SKT
63,m-RAPA-2110-6492,'21 부천대장 A-7BL 공공주택 건설공사,부천대장 A7블록 공공분양주택,수도권,경기도,부천시 오정구,원종동,경기도 부천시 오정구 원종동 부천대장 공공주택지구 A-7,473,12,미지정,37.5358988,126.7959622,확보,39,complex_polygon+buffer0.0015,미보유,미분석,,,,,,,,2027,2027-10-14,RAPA
64,m-RAPA-2110-6637,부천대장A6BL 공동주택 설계용역,e편한세상 대장 퍼스티움,수도권,경기도,부천시 오정구,오정동,경기도 부천시 오정구 오정동 부천대장 공공주택지구 A6,688,14,"602,605,607,611",37.53471829,126.7906987,확보,39,complex_polygon+buffer0.0015,미보유,미분석,,,,,,,,2027,2027-10-14,LGU+
65,m-RAPA-2110-6635,부천대장A5BL 공동주택 설계용역,e편한세상 대장 퍼스티움,수도권,경기도,부천시 오정구,오정동,경기도 부천시 오정구 오정동 부천대장 공공주택지구 A5,952,22,"501,503,509,512,513,000,000",37.53644483,126.7913388,확보,37,complex_polygon+buffer0.0015,미보유,미분석,,,,,,,,2027,2027-10-14,LGU+
66,m-RAPA-2110-6225,고양창릉 S6블록 공동주택 신축공사,고양창릉 S-6블록 공공분양주택,수도권,경기도,고양시 덕양구,도내동,경기도 고양시 덕양구 도내동 고양창릉 공공주택지구 S6,430,10,미지정,37.62018237,126.8691262,확보,83,complex_polygon+buffer0.0015,미보유,미분석,,,,,,,,2027,2027-10-12,RAPA
67,m-RAPA-2110-6148,대전롯데캐슬더퍼스트,대전롯데캐슬더퍼스트,중부,대전광역시,동구,가오동,대전광역시 동구 가오동 394,952,10,"101,103,105,106,107,000,000",36.30841539,127.4494589,확보,245,complex_polygon+buffer0.0015,미보유,미분석,,,,,,,,2027,2027-10-10,KT
68,m-RAPA-2203-1679,양주시 용암3지구 공동주택 신축공사,양주용암3지구 지역주택조합아파트,수도권,경기도,양주시,은현면,경기도 양주시 은현면 용암리 784 8,644,7,"101,103,106",37.84727785,127.0396207,확보,35,complex_polygon+buffer0.0015,미보유,미분석,,,,,,,,2027,2027-10-07,SKT
69,m-RAPA-2305-1793,제주시 오등봉공원 민간공원 특례사업 공동주택 1단지 신축공사,위파크 제주,서부,제주특별자치도,제주시,오라이동,제주특별자치도 제주시 오라이동 854 1,686,15,"105,107,109,113",33.47144453,126.5139451,확보,49,complex_polygon+buffer0.0015,미보유,완료 (OK),68.2,4,10,249,2026-09-06 23:39:43,배치(자동),,2027,2027-10-07,KT
70,m-RAPA-1909-5157,파주 문산3리지구 주택재개발정비사업 동문굿모닝힐 아파트 신축공사,문산역3차 동문 디 이스트 센트럴,수도권,경기도,파주시,문산읍,경기도 파주시 문산읍 문산리 80 11,951,7,"301,303,305",37.86011659,126.7845375,확보,615,complex_polygon+buffer0.0015,미보유,미분석,,,,,,,,2027,2027-10-07,KT
71,m-RAPA-2204-2378,번영로하늘채라크뷰아파트,번영로하늘채라크뷰아파트,동부,울산광역시,남구,야음동,울산광역시 남구 야음동 363 1,803,8,"103,104,105,106,108",35.51839,129.335815,확보,660,complex_polygon+buffer0.0015,미보유,미분석,,,,,,,,2027,2027-10-07,KT
72,m-RAPA-2104-2131,나리벡시티 공동주택 신축공사,의정부 롯데캐슬 나리벡시티,수도권,경기도,의정부시,금오동,경기도 의정부시 금오동 26 19,671,4,"101,103",37.75678908,127.0728027,확보,87,complex_polygon+buffer0.0015,미보유,완료 (OK),72.1,4,7,1,2026-08-27 09:40:04,화면(수동),,2027,2027-10-07,SKT
73,m-RAPA-1911-6324,롯데캐슬시그니처중앙아파트,롯데캐슬시그니처중앙아파트,수도권,경기도,안산시 단원구,고잔동,경기도 안산시 단원구 고잔동 674,1051,7,"501,504,505",37.32177373,126.835742,확보,72,complex_polygon+buffer0.0015,미보유,미분석,,,,,,,,2027,2027-10-07,KT
74,m-RAPA-2305-1794,제주시 오등봉공원 민간공원 특례사업 공동주택 2단지 신축공사,위파크 제주,서부,제주특별자치도,제주시,오라이동,제주특별자치도 제주시 오라이동 923,715,13,"204,207,210",33.47864373,126.5173961,확보,27,complex_polygon+buffer0.0015,미보유,완료 (OK),64.7,3,9,294,2026-09-06 23:44:37,배치(자동),,2027,2027-10-07,KT
75,m-RAPA-1902-0897,아크로리츠카운티아파트,아크로리츠카운티아파트,수도권,서울특별시,서초구,방배동,서울특별시 서초구 방배동 1018 1,707,8,"101,103,107",37.47869905,127.0017411,확보,143,complex_polygon+buffer0.0015,미보유,완료 (OK),60.8,2,5,386,2026-09-06 23:51:03,배치(자동),,2027,2027-10-05,LGU+
76,m-RAPA-2201-0290,더샵탕정인피니티시티3차아파트,더샵탕정인피니티시티3차아파트,중부,충청남도,아산시,탕정면,충청남도 아산시 탕정면 갈산리 아산탕정2 도시개발구역 A-2,1167,9,"201,202,203,204,206,000,000,000",36.79049167,127.0713403,확보,59,complex_polygon+buffer0.0015,미보유,미분석,,,,,,,,2027,2027-10-02,SKT
77,m-RAPA-2205-3019,충남 아산 매곡리 공공지원 민간임대주택,아산 탕정 매곡 공공지원 민간임대주택,중부,충청남도,아산시,탕정면,충청남도 아산시 탕정면 매곡리 공공지원민간임대주택 공급촉진지구 S-1,1712,15,"102,103,104,107,111,000,000",36.80989553,127.0931832,미확보,0,error,미보유,완료 (OK),36.3,1,2,1,2026-08-17 22:14:25,배치(자동),,2027,2027-09-30,LGU+
78,m-RAPA-2107-4134,공성아파트 소규모재건축사업,공성아파트,수도권,서울특별시,동대문구,제기동,서울특별시 동대문구 제기동 892 65,76,1,1.지상1층: 팬룸#1 상부 지하층 환기부 인근,37.58096522,127.0358691,미확보,0,error,미보유,미분석,,,,,,,,2027,2027-09-29,RAPA
79,m-RAPA-2205-2760,더샵의정부역링크시티아파트,더샵의정부역링크시티아파트,수도권,경기도,의정부시,의정부동,경기도 의정부시 의정부동 248 3,1404,6,"102,104,105,106",37.74258981,127.0409042,확보,496,complex_polygon+buffer0.0015,미보유,미분석,,,,,,,,2027,2027-09-29,KT
80,m-RAPA-2403-0883,광명시 구름산 도시개발사업지구 A4BL 공동주택 신축공사,광명유승한내들 라포레,수도권,경기도,광명시,소하동,경기도 광명시 소하동 324 24,444,10,미지정,37.4389774,126.8773805,확보,266,complex_polygon+buffer0.0015,미보유,미분석,,,,,,,,2027,2027-09-29,RAPA
81,m-RAPA-2201-0468,화성시 비봉지구 B-1BL 공동주택 신축공사,화성 비봉지구 B1블록 금성백조 예미지2차,수도권,경기도,화성시 효행구,비봉면,경기도 화성시 효행구 비봉면 삼화리 화성비봉 공공주택지구 B-1,530,5,"202,203",37.25136515,126.8650102,확보,60,complex_polygon+buffer0.0015,미보유,미분석,,,,,,,,2027,2027-09-29,KT
82,m-RAPA-2109-5774,힐스테이트더샵상생공원2단지,힐스테이트더샵상생공원2단지,동부,경상북도,포항시 남구,대잠동,경상북도 포항시 남구 대잠동 상생근린공원 민간공원조성 특례사업 2,1668,12,"201,203,205,206,208,000",36.01828575,129.3367332,확보,95,complex_polygon+buffer0.0015,미보유,완료 (OK),65.6,4,10,277,2026-09-06 23:57:17,배치(자동),,2027,2027-09-29,-
83,m-RAPA-1705-06-02-41,양동지역주택조합 아파트 신축공사,양동 양우내안애 위니드,서부,전남광주통합특별시,서구,양동,전남광주통합특별시 서구 양동 367 100,155,2,미지정,35.15726146,126.8986364,미확보,0,error,미보유,실패 (NOK),,,,1,2026-09-05 01:18:00,배치(자동),유효한 건물 또는 단지 폴리곤 데이터가 없습니다 (key: RAPA-1705-06-02-41),2027,2027-09-29,RAPA
84,m-RAPA-2011-6153,익산송학 주거복지지사 복합개발사업,익산송학 행복주택,서부,전북특별자치도,익산시,송학동,전북특별자치도 익산시 송학동 97 22,80,1,1. 지상1층 : D.A 상부 인근,35.93813128,126.9403526,미확보,0,error,미보유,미분석,,,,,,,,2027,2027-09-29,RAPA
85,m-RAPA-2202-1060,대전문화 문화공원 특례사업 공동주택 신축공사,대전 문화공원 수자인,중부,대전광역시,중구,문화동,대전광역시 중구 문화동 47,509,11,"101,105,108,109",36.30786205,127.4110244,확보,132,complex_polygon+buffer0.0015,미보유,완료 (OK),66.8,2,6,97,2026-09-06 23:52:40,배치(자동),,2027,2027-09-29,SKT
86,m-RAPA-2011-6379,원봉공원힐데스하임,원봉공원힐데스하임,중부,충청북도,청주시 상당구,용암동,충청북도 청주시 상당구 용암동 222,1211,17,"102,111,113,114,117",36.60819187,127.5167751,확보,110,complex_polygon+buffer0.0015,미보유,미분석,,,,,,,,2027,2027-09-29,SKT
87,m-RAPA-2012-7033,경기도 수원시 권서구 평동 144-1 주상복합 신축공사,수원역푸르지오자이,수도권,경기도,수원시 권선구,평동,경기도 수원시 권선구 평동 144 1,152,3,미지정,37.26211647,126.998116,미확보,0,error,미보유,미분석,,,,,,,,2027,2027-09-29,RAPA
88,m-RAPA-2306-2367,엘리프남위례역에듀포레아파트,엘리프남위례역에듀포레아파트,수도권,경기도,성남시 수정구,복정동,경기도 성남시 수정구 복정동 성남복정1 공공주택지구 B3,510,6,"101,103,105",37.45854769,127.1424594,확보,26,complex_polygon+buffer0.0015,미보유,미분석,,,,,,,,2027,2027-09-29,LGU+
89,m-RAPA-2307-2474,평택 BRAIN CITY 6BL 공동주택 신축공사,평택 브레인시티 6BL 로제비앙 모아엘가,수도권,경기도,평택시,장안동,경기도 평택시 장안동 평택 브레인시티 일반산업단지 공동6,1215,10,"601,604,608,610",37.05217378,127.0912639,확보,40,complex_polygon+buffer0.0015,미보유,미분석,,,,,,,,2027,2027-09-29,SKT
90,m-RAPA-2312-4405,도안푸르지오디아델29블록아파트,도안푸르지오디아델29블록아파트,중부,대전광역시,유성구,용계동,대전광역시 유성구 용계동 대전 도안2-5지구 도시개발구역 29,772,7,"2,901,290,329,042,900",36.32449741,127.3345862,확보,33,complex_polygon+buffer0.0015,미보유,미분석,,,,,,,,2027,2027-09-29,-
91,m-RAPA-2312-4406,도안푸르지오디아델31블록아파트,도안푸르지오디아델31블록아파트,중부,대전광역시,유성구,용계동,대전광역시 유성구 용계동 대전 도안2-5지구 도시개발구역 31,742,6,"310,131,023,105",36.32649361,127.3345557,확보,41,complex_polygon+buffer0.0015,미보유,미분석,,,,,,,,2027,2027-09-29,-
92,m-RAPA-2406-1750,군포대야미대방디에트르시그니처아파트,군포대야미대방디에트르시그니처아파트,수도권,경기도,군포시,둔대동,경기도 군포시 둔대동 57,640,6,"301,303,305",37.328152,126.902446,확보,13,complex_polygon+buffer0.0015,미보유,완료 (OK),66.5,3,6,184,2026-09-07 11:48:47,배치(자동),,2027,2027-09-29,LGU+
93,m-RAPA-2311-4074,힐스테이트도안리버파크2단지,힐스테이트도안리버파크2단지,중부,대전광역시,유성구,학하동,대전광역시 유성구 학하동 대전 도안 2-2지구 도시개발사업 SA4,1437,14,"201,203,205,207,209,000,000,000,000",36.32981992,127.3227364,확보,56,complex_polygon+buffer0.0015,미보유,미분석,,,,,,,,2027,2027-09-27,SKT
94,m-RAPA-2109-5792,의왕청계2지구 A-1BL 공동주택건설공사,의왕청계2 A1블록 신혼희망타운,수도권,경기도,의왕시,포일동,경기도 의왕시 포일동 의왕청계2 공공주택지구 A-1,480,10,미지정,37.39114217,126.9875782,확보,65,complex_polygon+buffer0.0015,미보유,미분석,,,,,,,,2027,2027-09-24,RAPA
95,m-RAPA-2303-1176,광주광역시 남구 진월동 지역주택조합 공동주택 신축공사,-,서부,전남광주통합특별시,남구,진월동,전남광주통합특별시 남구 진월동 3,300,9,미지정,-,-,미확보,0,,미보유,미분석,,,,,,,,2027,2027-09-23,RAPA
96,m-RAPA-2510-2861,경산대임 A-1BL 공공주택 건설공사,경산대임 A-1BL 공공주택,동부,경상북도,경산시,계양동,경상북도 경산시 계양동 경산대임 공공주택지구 A-1,440,4,미지정,35.83716157,128.7347503,미확보,0,error,미보유,미분석,,,,,,,,2027,2027-09-23,RAPA
97,m-RAPA-2203-1552,신길동 1300 공동주택 (정오개발(주)),신길동 1300 역세권 청년주택,수도권,서울특별시,영등포구,신길동,서울특별시 영등포구 신길동 1300,264,1,1.지상1층: 기계식 주차시설 인근 지하층 환기부,37.51233827,126.9247923,미확보,0,error,미보유,미분석,,,,,,,,2027,2027-09-20,RAPA
98,m-RAPA-2009-4621,인천부평 도시재생뉴딜 어울림플랫폼 복합개발사업,인천부평 도시재생뉴딜 어울림플랫폼,수도권,인천광역시,부평구,부평동,인천광역시 부평구 부평동 65 17,350,2,미지정,37.5029961,126.7194753,미확보,0,error,미보유,미분석,,,,,,,,2027,2027-09-15,RAPA
99,m-RAPA-2207-4362,안동용상하늘채리버스카이아파트,안동용상하늘채리버스카이아파트,동부,경상북도,안동시,용상동,경상북도 안동시 용상동 494,547,9,"101,103,105,107,109",36.54935588,128.7680542,확보,146,complex_polygon+buffer0.0015,미보유,미분석,,,,,,,,2027,2027-09-10,LGU+
100,m-RAPA-2311-3810,둔산엘리프더센트럴아파트,둔산엘리프더센트럴아파트,중부,대전광역시,서구,괴정동,대전광역시 서구 괴정동 133,864,10,"102,105,106,109,110",36.33730364,127.3744397,확보,438,complex_polygon+buffer0.0015,미보유,미분석,,,,,,,,2027,2027-09-09,LGU+
101,m-RAPA-2111-6939,부천역곡 A2BL 공동주택 건설공사,부천역곡 A2BL 공동주택,수도권,경기도,부천시 원미구,역곡동,경기도 부천시 원미구 역곡동 부천역곡 공공주택지구 A2,1464,20,"201,204,207,211,214,000",37.49581387,126.80708,확보,45,complex_polygon+buffer0.0015,미보유,미분석,,,,,,,,2027,2027-09-09,KT
102,m-RAPA-2303-0800,프레스티어자이아파트,프레스티어자이아파트,수도권,경기도,과천시,별양동,경기도 과천시 별양동 7,1445,11,"401,404,406,407,408,000,000",37.426436,126.99369,확보,166,complex_polygon+buffer0.0015,미보유,미분석,,,,,,,,2027,2027-09-09,LGU+
103,m-RAPA-1904-2402,광명롯데캐슬시그니처아파트,광명롯데캐슬시그니처아파트,수도권,경기도,광명시,광명동,경기도 광명시 광명동 275 3,1498,15,상세란 참조,37.47559347,126.8492733,확보,566,complex_polygon+buffer0.0015,미보유,미분석,,,,,,,,2027,2027-09-09,KT
104,m-RAPA-2104-2092,순천 용당 더숲 지역주택조합 아파트 신축공사,순천 한양립스 파크포레,서부,전남광주통합특별시,순천시,용당동,전남광주통합특별시 순천시 용당동 288 1,463,13,미지정,34.97595822,127.4980712,확보,72,complex_polygon+buffer0.0015,미보유,미분석,,,,,,,,2027,2027-09-09,RAPA
105,m-RAPA-2303-0883,부산 에코델타시티 31블록 공동주택 건설공사,부산 에코델타시티 대방 엘리움 리버뷰,동부,부산광역시,강서구,대저2동,부산광역시 강서구 대저2동 부산 에코델타시티 친수구역 공동31,470,11,미지정,35.14054786,128.9274087,확보,14,complex_polygon+buffer0.0015,미보유,미분석,,,,,,,,2027,2027-09-08,RAPA
106,m-RAPA-2010-5590,김해진례 C-1BL 공동주택 건설공사,-,동부,경상남도,김해시,진례면,경상남도 김해시 진례면 송정리 김해진례 공공지원민간임대주택 공급촉진지구 C-1,726,10,"10,011,005,100,710,000,000",35.24260525,128.7394005,미확보,0,error,미보유,완료 (OK),33.9,1,2,1,2026-08-17 22:14:25,배치(자동),,2027,2027-09-06,LGU+
107,m-RAPA-2108-5323,힐스테이트더샵상생공원1단지,힐스테이트더샵상생공원1단지,동부,경상북도,포항시 남구,대잠동,경상북도 포항시 남구 대잠동 양학근린공원 민간공원조성 특례사업 1,999,7,"101,102,103,105,106",36.02213851,129.3339078,확보,43,complex_polygon+buffer0.0015,미보유,완료 (OK),70.2,2,5,117,2026-09-07 05:31:58,배치(자동),,2027,2027-08-31,SKT
108,m-RAPA-2307-2513,청평수자인더퍼스트아파트,청평수자인더퍼스트아파트,수도권,경기도,가평군,청평면,경기도 가평군 청평면 청평리 81 18,553,4,"102,104",37.744511,127.423082,확보,25,complex_polygon+buffer0.0015,미보유,미분석,,,,,,,,2027,2027-08-30,KT
109,m-RAPA-2111-6918,충북음성대소삼정지구3BL,충북음성대소삼정지구3BL,중부,충청북도,음성군,대소면,충청북도 음성군 대소면 삼정리 음성 대소 삼정지구 도시개발구역 A3,510,6,"301,305",36.95856189,127.4955072,미확보,0,error,미보유,미분석,,,,,,,,2027,2027-08-30,-
110,m-RAPA-2006-3299,문화자이SKVIEW,문화자이SKVIEW,중부,대전광역시,중구,문화동,대전광역시 중구 문화동 435 42,1766,19,"101,102,106,108,110,000,000,000,000",36.31050248,127.4060243,확보,488,complex_polygon+buffer0.0015,미보유,미분석,,,,,,,,2027,2027-08-30,SKT
111,m-RAPA-2410-2977,마평동 734-1 공동주택(아파트) 신축공사,-,수도권,경기도,용인시 처인구,마평동,경기도 용인시 처인구 마평동 734 1,68,1,1. 지상1층 : D.A 상부 인근,37.2360294,127.210616,미확보,0,error,미보유,미분석,,,,,,,,2027,2027-08-30,RAPA
112,m-RAPA-2111-6916,충북 음성 대소 삼정지구 A2BL 공공지원 민간임대주택 신축공사,충북음성대소삼정지구2BL,중부,충청북도,음성군,대소면,충청북도 음성군 대소면 삼정리 음성 대소 삼정지구 도시개발구역 A2,465,4,미지정,36.9615393,127.4924161,미확보,0,error,미보유,완료 (OK),59.1,3,7,1,2026-08-17 22:14:26,배치(자동),,2027,2027-08-30,-
113,m-SK-2608-0782,음성 석미아데나 센트럴 신축공사,음성 석미아데나 센트럴,중부,충청북도,음성군,음성읍,충청북도 음성군 음성읍 419,0,3,미지정,-,-,미확보,0,,미보유,미분석,,,,,,,,2027,2027-08-30,-
114,m-RAPA-2206-3699,소사역롯데캐슬더뉴엘아파트,소사역롯데캐슬더뉴엘아파트,수도권,경기도,부천시 소사구,소사본동,경기도 부천시 소사구 소사본동 134,983,6,"101,103,105",37.47898267,126.8014025,확보,220,complex_polygon+buffer0.0015,미보유,미분석,,,,,,,,2027,2027-08-29,LGU+
115,m-RAPA-2311-4076,힐스테이트도안리버파크1단지,힐스테이트도안리버파크1단지,중부,대전광역시,유성구,학하동,대전광역시 유성구 학하동 대전 도안 2-2지구 도시개발사업 SA5,1124,11,"102,105,107,108,109,000,000",36.330729,127.324767,확보,56,complex_polygon+buffer0.0015,미보유,미분석,,,,,,,,2027,2027-08-27,KT
116,m-RAPA-2312-4180,대전 도안 2-2지구 도시개발사업지 내 공동주택 SA1BL 신축공사,힐스테이트 도안리버파크 2차,중부,대전광역시,유성구,복용동,대전광역시 유성구 복용동 대전 도안 2-2지구 도시개발사업 SA1,443,6,미지정,36.33544305,127.3267033,확보,68,complex_polygon+buffer0.0015,미보유,미분석,,,,,,,,2027,2027-08-27,RAPA
117,m-RAPA-2402-0544,송도동21-30아파트신축공사,인천 송도 스카이 루리안 아파트,수도권,인천광역시,연수구,송도동,인천광역시 연수구 송도동 21 30,48,1,미지정,37.39557025,126.6459929,확보,1,dxf_extraction(m-RAPA-2402-0544.dxf 옥외배치도),미보유,미분석,,,,,,,,2027,2027-08-26,RAPA
118,m-RAPA-1909-4801,광안센텀비스타동원아파트,광안센텀비스타동원아파트,동부,부산광역시,수영구,광안동,부산광역시 수영구 광안동 971,525,7,"102,105,106",35.16769585,129.108579,확보,483,complex_polygon+buffer0.0015,미보유,미분석,,,,,,,,2027,2027-08-24,LGU+
119,m-RAPA-2112-7957,힐스테이트천안역스카이움오피스텔,힐스테이트천안역스카이움오피스텔,중부,충청남도,천안시 서북구,성정동,충청남도 천안시 서북구 성정동 209 1,0,1,미지정,36.80927572,127.1418962,확보,313,complex_polygon+buffer0.0015,미보유,미분석,,,,,,,,2027,2027-08-23,LGU+
120,m-RAPA-2310-3787,경기도 광주 태전2지구 B1블럭 경남아너스빌 신축공사,광주태전 경남아너스빌 리미티드,수도권,경기도,광주시,장지동,경기도 광주시 장지동 695 14,404,4,미지정,37.389604,127.23425,확보,61,complex_polygon+buffer0.0015,미보유,미분석,,,,,,,,2027,2027-08-22,LGU+
121,m-RAPA-2209-5359,북수원이목지구디에트르더리체1차아파트,북수원이목지구디에트르더리체1차아파트,수도권,경기도,수원시 장안구,이목동,경기도 수원시 장안구 이목동 종전부동산 이목지구 도시개발구역 A4,768,8,"201,202,204,206",37.306881,126.979036,확보,23,complex_polygon+buffer0.0015,미보유,미분석,,,,,,,,2027,2027-08-17,LGU+
122,m-RAPA-1907-3796,대전르에브스위첸1단지,대전르에브스위첸1단지,중부,대전광역시,중구,대흥동,대전광역시 중구 대흥동 385 15,440,4,미지정,36.32017015,127.4270247,확보,140,complex_polygon+buffer0.0015,미보유,미분석,,,,,,,,2027,2027-08-17,-
123,m-RAPA-1907-3797,대전르에브스위첸2단지,대전르에브스위첸2단지,중부,대전광역시,중구,대흥동,대전광역시 중구 대흥동 385 15,838,7,"203,204,205,207",36.32057171,127.428135,확보,265,complex_polygon+buffer0.0015,미보유,미분석,,,,,,,,2027,2027-08-17,-
124,m-RAPA-1911-6347,천안신부지구(행복)공동주택 건설공사,천안신부 행복주택,중부,충청남도,천안시 동남구,신부동,충청남도 천안시 동남구 신부동 72 16,587,4,"102,103",36.81562207,127.1601247,미확보,0,error,미보유,미분석,,,,,,,,2027,2027-08-17,KT
125,m-RAPA-2302-0778,오산시 양산3구역 공동주택 신축공사,힐스테이트 오산더클래스,수도권,경기도,오산시,양산동,경기도 오산시 양산동 10 2,970,12,"102,106,108,112",37.19885653,127.0341127,확보,76,complex_polygon+buffer0.0015,미보유,미분석,,,,,,,,2027,2027-08-16,KT
126,m-RAPA-2409-2568,강동구 고덕 강일지구 12BL 공동주택 신축공사,고덕 대성베르힐,수도권,서울특별시,강동구,상일동,서울특별시 강동구 상일동 43,613,13,"104,105,106,107,108,000",37.55275417,127.1791307,확보,49,complex_polygon+buffer0.0015,미보유,미분석,,,,,,,,2027,2027-08-14,KT
127,m-RAPA-2208-4674,전주시 덕진구 인후동2가 주상복합 건립사업,전주 인후동 마루힐 센트럴,서부,전북특별자치도,전주시 덕진구,인후동2가,전북특별자치도 전주시 덕진구 인후동2가 1560,199,3,미지정,35.84610528,127.1484479,확보,218,complex_polygon+buffer0.0015,미보유,미분석,,,,,,,,2027,2027-08-12,RAPA
128,m-RAPA-2105-2717,전라남도 순천시 덕암동 공동주택 신축공사,순천 덕암동 지에이그린웰 하이드원,서부,전남광주통합특별시,순천시,덕암동,전남광주통합특별시 순천시 덕암동 45,475,8,미지정,34.94470709,127.5111152,확보,291,complex_polygon+buffer0.0015,미보유,미분석,,,,,,,,2027,2027-08-12,RAPA
129,m-SK-2608-0783,충북혁신(클러스터)아파트 건설공사 1공구,충북혁신(클러스터)아파트,중부,충청북도,음성군,맹동면,충청북도 음성군 맹동면 동성리 535,0,2,미지정,-,-,미확보,0,,미보유,미분석,,,,,,,,2027,2027-08-09,-
130,m-RAPA-2304-1269,용인푸르지오원클러스터1단지아파트,용인푸르지오원클러스터1단지아파트,수도권,경기도,용인시 처인구,남동,경기도 용인시 처인구 남동 126 13,1681,14,"10,021,004,100,510,000,000,000,000,000,000",37.221131,127.216597,확보,39,complex_polygon+buffer0.0015,미보유,미분석,,,,,,,,2027,2027-08-07,LGU+
131,m-RAPA-1801-03-02-412,송림6구역 도시환경정비사업 주상복합계획,리아츠 더 인천,수도권,인천광역시,제물포구,송림동,인천광역시 제물포구 송림동 31 3,378,1,미지정,37.47814205,126.6505547,확보,102,complex_polygon+buffer0.0015,미보유,완료 (OK),68.8,2,4,36,2026-09-05 01:19:12,배치(자동),,2027,2027-08-01,SKT
132,m-RAPA-2210-5659,이천롯데캐슬센트럴페라즈스카이,이천롯데캐슬센트럴페라즈스카이,수도권,경기도,이천시,안흥동,경기도 이천시 안흥동 284 2,0,1,"101,102,103",37.27530167,127.4559106,확보,49,complex_polygon+buffer0.0015,미보유,미분석,,,,,,,,2027,2027-08-01,LGU+
133,m-RAPA-2309-3155,음성 석미 아데나 신축공사,음성 석미아데나 센트럴,중부,충청북도,음성군,음성읍,충청북도 음성군 음성읍 읍내리 419,245,3,미지정,36.92921759,127.6856735,확보,82,complex_polygon+buffer0.0015,미보유,미분석,,,,,,,,2027,2027-07-31,RAPA
134,m-RAPA-2402-0423,송정 리버파크지역주택조합 아파트 신축공사,한양립스 에듀포레,서부,전남광주통합특별시,광산구,하산동,전남광주통합특별시 광산구 하산동 269,470,10,미지정,35.09852158,126.7710211,확보,173,complex_polygon+buffer0.0015,미보유,완료 (OK),63.1,2,5,268,2026-09-07 05:38:13,배치(자동),,2027,2027-07-31,RAPA
135,m-RAPA-2010-5635,성남금토 공공주택지구 내 A-4BL,성남금토 A-4블록 신혼희망타운,수도권,경기도,성남시 수정구,금토동,경기도 성남시 수정구 금토동 성남금토 공공주택지구 A-4,1150,11,"401,403,404,406,408,000",37.40643948,127.0838391,확보,31,complex_polygon+buffer0.0015,미보유,미분석,,,,,,,,2027,2027-07-30,SKT
136,m-RAPA-2411-3075,신 반포22차 재건축 현장,힐스테이트 신반포22차,수도권,서울특별시,서초구,잠원동,서울특별시 서초구 잠원동 65 33,160,2,미지정,37.51166731,127.007248,미확보,0,error,미보유,미분석,,,,,,,,2027,2027-07-30,RAPA
137,m-RAPA-2410-2984,e편한세상대장퍼스티움아파트(A6),e편한세상대장퍼스티움아파트(A6),수도권,경기도,부천시 오정구,오정동,경기도 부천시 오정구 오정동 부천대장 공공주택지구 A6,688,12,"602,605,607,609,610,000",37.53476296,126.7904836,확보,39,complex_polygon+buffer0.0015,미보유,미분석,,,,,,,,2027,2027-07-30,LGU+
138,m-RAPA-2410-2983,e편한세상대장퍼스티움아파트(A5),e편한세상대장퍼스티움아파트(A5),수도권,경기도,부천시 오정구,오정동,경기도 부천시 오정구 오정동 부천대장 공공주택지구 A5,952,15,"502,504,506,509,510,000,000",37.53591899,126.7920417,확보,37,complex_polygon+buffer0.0015,미보유,미분석,,,,,,,,2027,2027-07-30,KT
139,m-RAPA-2407-1978,과천지식정보타운 S12BL 행복주택 건설공사,과천지식정보타운 S-12BL 행복주택,수도권,경기도,과천시,갈현동,경기도 과천시 갈현동 578,1424,4,"10,241,203",37.41013,126.977567,미확보,0,error,미보유,경고 (WARN),0.0,0,0,1,2026-08-17 22:14:26,배치(자동),커버리지 0% (배치 대상 베란다/후보점 부재 또는 목표 커버리지 미도달),2027,2027-07-30,LGU+
140,m-RAPA-2109-5951,경남 고성 교사리 94 아파트 신축공사,고성 이솔레나,동부,경상남도,고성군,고성읍,경상남도 고성군 고성읍 교사리 94,161,3,1.지상1층: 지하주차장 상부 지하층 환기부(10M도로향),34.97486822,128.3125944,미확보,0,error,미보유,미분석,,,,,,,,2027,2027-07-30,RAPA
141,m-RAPA-2207-3968,더샵오창프레스티지,더샵오창프레스티지,중부,충청북도,청주시 청원구,오창읍,충청북도 청주시 청원구 오창읍 양청리 814 2,0,6,"102,103,104",36.71132051,127.4326153,확보,51,complex_polygon+buffer0.0015,미보유,미분석,,,,,,,,2027,2027-07-29,SKT
142,m-RAPA-1901-0082,더샵분당티에르원아파트,더샵분당티에르원아파트,수도권,경기도,성남시 분당구,정자동,경기도 성남시 분당구 정자동 88,873,12,"307,311",37.36759671,127.1112853,확보,187,complex_polygon+buffer0.0015,미보유,미분석,,,,,,,,2027,2027-07-29,LGU+
143,m-RAPA-2311-3969,청주테크노폴리스 일반산업단지 [8블록] 공동주택,청주테크노폴리스 아테라,중부,충청북도,청주시 흥덕구,송절동,충청북도 청주시 흥덕구 송절동 청주테크노폴리스 일반산업단지 A8,1450,17,"803,805,809,810,811,000,000",36.66671857,127.4604921,확보,76,complex_polygon+buffer0.0015,미보유,미분석,,,,,,,,2027,2027-07-29,SKT
144,m-RAPA-2304-1244,중앙공원롯데캐슬시그니처2-2BL,중앙공원롯데캐슬시그니처2-2BL,서부,전남광주통합특별시,서구,풍암동,전남광주통합특별시 서구 풍암동 569,928,14,"202,203,206,207,208,000,000,000",35.12531533,126.8618178,확보,175,complex_polygon+buffer0.0015,미보유,미분석,,,,,,,,2027,2027-07-25,-
145,m-RAPA-2304-1243,중앙공원롯데캐슬시그니처2-1BL,중앙공원롯데캐슬시그니처2-1BL,서부,전남광주통합특별시,서구,금호동,전남광주통합특별시 서구 금호동 80,915,13,"101,102,103,104,106,000,000,000",35.12709535,126.8594737,확보,77,complex_polygon+buffer0.0015,미보유,미분석,,,,,,,,2027,2027-07-25,-
146,m-RAPA-2304-1398,중앙공원롯데캐슬시그니처1BL,중앙공원롯데캐슬시그니처1BL,서부,전남광주통합특별시,서구,풍암동,전남광주통합특별시 서구 풍암동 560 9,929,12,"102,106,109,110",35.13604642,126.8687907,확보,43,complex_polygon+buffer0.0015,미보유,완료 (OK),65.5,3,8,87,2026-09-07 05:36:54,배치(자동),,2027,2027-07-24,-
147,m-RAPA-2012-6592,성수동 장미아파트 주택재건축정비사업,-,수도권,서울특별시,성동구,성수동1가,서울특별시 성동구 성수동1가 656 421,286,3,미지정,37.54296699,127.0461343,확보,146,complex_polygon+buffer0.0015,미보유,미분석,,,,,,,,2027,2027-07-22,RAPA
148,m-RAPA-2209-5495,시흥롯데캐슬시그니처2블록아파트,시흥롯데캐슬시그니처2블록아파트,수도권,경기도,시흥시,은행동,경기도 시흥시 은행동 은행2 지구단위계획 C-2,903,6,"202,204,206",37.43245923,126.7936842,확보,290,complex_polygon+buffer0.0015,미보유,미분석,,,,,,,,2027,2027-07-20,KT
149,m-RAPA-2209-5494,시흥롯데캐슬시그니처1블록아파트,시흥롯데캐슬시그니처1블록아파트,수도권,경기도,시흥시,은행동,경기도 시흥시 은행동 은행2 지구단위계획 C-1,1230,8,"101,103,105,107",37.434903,126.794841,확보,242,complex_polygon+buffer0.0015,미보유,미분석,,,,,,,,2027,2027-07-20,KT
150,m-RAPA-2202-0621,해링턴S98아파트,해링턴S98아파트,수도권,서울특별시,강남구,삼성동,서울특별시 강남구 삼성동 98,118,3,미지정,37.5174861,127.063475,미확보,0,error,미보유,미분석,,,,,,,,2027,2027-07-15,-
151,m-RAPA-2302-0463,계양롯데캐슬파크시티2단지_아파트,계양롯데캐슬파크시티2단지_아파트,수도권,인천광역시,계양구,효성동,인천광역시 계양구 효성동 효성 도시개발구역 공4,1089,10,"10,021,004,100,510,000,000",37.53029577,126.7030653,확보,103,complex_polygon+buffer0.0015,미보유,미분석,,,,,,,,2027,2027-07-14,LGU+
152,m-RAPA-2110-6520,철원갈말 행복주택 건설공사,철원갈말 행복주택,수도권,강원특별자치도,철원군,갈말읍,강원특별자치도 철원군 갈말읍 신철원리 641 6,96,2,1. 지상1층 : D.A 외벽,38.14464721,127.3117877,미확보,0,error,미보유,미분석,,,,,,,,2027,2027-07-14,RAPA
153,m-RAPA-2203-1644,가평 달전리 284-7 아파트,자라섬 수자인 리버페스타,수도권,경기도,가평군,가평읍,경기도 가평군 가평읍 달전리 284 7,381,2,미지정,37.81288129,127.5209899,확보,104,complex_polygon+buffer0.0015,미보유,미분석,,,,,,,,2027,2027-07-11,RAPA
154,m-RAPA-2208-4608,충북혁신 클러스터 공공주택 건설사업,충북혁신(클러스터),중부,충청북도,음성군,맹동면,충청북도 음성군 맹동면 동성리 535,300,2,미지정,36.91750156,127.5468115,미확보,0,error,미보유,완료 (OK),66.9,3,4,3,2026-08-17 22:14:28,배치(자동),,2027,2027-07-09,RAPA
155,m-RAPA-2007-3684,노량진역세권청년주택아파트,노량진역세권청년주택아파트,수도권,서울특별시,동작구,노량진동,서울특별시 동작구 노량진동 13 19,967,2,미지정,37.51464032,126.9349325,미확보,0,error,미보유,미분석,,,,,,,,2027,2027-07-09,KT
156,m-RAPA-2401-0181,곤지암역제일풍경채아파트,곤지암역제일풍경채아파트,수도권,경기도,광주시,곤지암읍,경기도 광주시 곤지암읍 곤지암리 곤지암역세권 도시개발구역 A1,565,7,"101,105,107",37.352299,127.341221,확보,96,complex_polygon+buffer0.0015,미보유,미분석,,,,,,,,2027,2027-07-08,SKT
157,m-RAPA-2203-1338,오산시 양산2구역 공동주택 신축공사,오산 롯데캐슬 위너스 포레,수도권,경기도,오산시,양산동,경기도 오산시 양산동 95,1672,16,"102,104,106,108,110,000",37.19117565,127.0319637,확보,55,complex_polygon+buffer0.0015,미보유,미분석,,,,,,,,2027,2027-07-08,LGU+
158,m-RAPA-2109-5973,한화포레나충주호암아파트,한화포레나충주호암아파트,중부,충청북도,충주시,호암동,충청북도 충주시 호암동 193 2,847,8,"102,104,106,107",36.958617,127.937442,확보,144,complex_polygon+buffer0.0015,미보유,완료 (OK),64.3,2,5,333,2026-09-07 05:42:27,배치(자동),,2027,2027-07-08,LGU+
159,m-RAPA-2201-0422,부천시 대현청실 외 2 가로주택 정비사업,대현청실 외2,수도권,경기도,부천시 소사구,괴안동,경기도 부천시 소사구 괴안동 106 1,252,5,미지정,37.48113258,126.8114255,미확보,0,error,미보유,미분석,,,,,,,,2027,2027-07-05,RAPA
160,m-RAPA-2304-1430,전라남도 영암군 삼호읍 용앙리 1665-3번지 공동주택 신축공사,영암 대불 3차 렉시안 파크타운 아파트,서부,전남광주통합특별시,영암군,삼호읍,전남광주통합특별시 영암군 삼호읍 용앙리 1665 3,507,5,"301,302,303,304",34.75638438,126.4589328,미확보,0,error,미보유,미분석,,,,,,,,2027,2027-07-04,KT
161,m-RAPA-2205-3045,경기도 부천시 오정동 가로주택 정비사업,부천 오정동 613 가로주택정비사업,수도권,경기도,부천시 오정구,오정동,경기도 부천시 오정구 오정동 613,200,3,미지정,37.5236657,126.7875582,확보,154,complex_polygon+buffer0.0015,미보유,완료 (OK),42.1,2,2,1,2026-08-17 23:18:55,화면(수동),,2027,2027-07-04,RAPA
162,m-RAPA-2309-3420,대구연호 A-2BL 공동주택 건설공사,대구연호 A-2BL 아파트,동부,대구광역시,수성구,이천동,대구광역시 수성구 이천동 대구연호 공공주택지구 A-2,622,4,"201,202,204",35.84208953,128.665587,미확보,0,error,미보유,경고 (WARN),0.0,0,0,1,2026-08-17 22:14:26,배치(자동),커버리지 0% (배치 대상 베란다/후보점 부재 또는 목표 커버리지 미도달),2027,2027-07-03,KT
163,m-RAPA-2202-0772,더샵속초프라임뷰,더샵속초프라임뷰,수도권,강원특별자치도,속초시,금호동,강원특별자치도 속초시 금호동 617 21,1024,8,"104,106,107,108",38.20973979,128.5729263,확보,36,complex_polygon+buffer0.0015,미보유,미분석,,,,,,,,2027,2027-06-30,LGU+
164,m-RAPA-2206-3717,용인둔전역에피트아파트,용인둔전역에피트아파트,수도권,경기도,용인시 처인구,포곡읍,경기도 용인시 처인구 포곡읍 금어리 646,1275,13,"101,102,105,106,113",37.265854,127.231046,확보,73,complex_polygon+buffer0.0015,미보유,미분석,,,,,,,,2027,2027-06-29,-
165,m-RAPA-2210-5806,김제 하동 아파트 신축공사,-,서부,전북특별자치도,김제시,하동,전북특별자치도 김제시 하동 37 10,122,2,1. 지상1층 : D.A 상부 외벽,-,-,미확보,0,,미보유,미분석,,,,,,,,2027,2027-06-29,RAPA
166,m-RAPA-1706-02-02-305,흑석9 재정비촉진구역 주택재개발 정비사업,디에이치 켄트로나인,수도권,서울특별시,동작구,흑석동,서울특별시 동작구 흑석동 90,1536,21,"101,102,104,106,108,000,000,000",-,-,미확보,0,,미보유,미분석,,,,,,,,2027,2027-06-29,SKT
167,m-RAPA-1811-7115,청주 사직3구역 주택재개발정비사업(B블럭),힐스테이트어울림청주사직2단지,중부,충청북도,청주시 서원구,사직동,충청북도 청주시 서원구 사직동 215 8,1023,9,상세참조,36.63899098,127.4809964,확보,570,complex_polygon+buffer0.0015,미보유,미분석,,,,,,,,2027,2027-06-29,SKT
168,m-RAPA-1811-7112,청주 사직3구역 주택재개발정비사업(A블럭),힐스테이트어울림청주사직1단지,중부,충청북도,청주시 서원구,사직동,충청북도 청주시 서원구 사직동 215 8,1307,17,상세참조,36.64135,127.481054,확보,570,complex_polygon+buffer0.0015,미보유,미분석,,,,,,,,2027,2027-06-29,LGU+
169,m-RAPA-1803-05-02-1032,두산위브더제니스센트럴시티,두산위브더제니스센트럴시티,동부,대구광역시,북구,학정동,대구광역시 북구 학정동 732 1,1098,14,"101,103,105,107,110,000,000",35.95424183,128.5577385,확보,79,complex_polygon+buffer0.0015,미보유,완료 (OK),64.6,3,8,55,2026-09-05 01:19:31,배치(자동),,2027,2027-06-29,-
170,m-RAPA-2106-3943,청구매일 소규모재건축,만촌 파크드림 에디움,동부,대구광역시,수성구,만촌동,대구광역시 수성구 만촌동 862 2,54,1,1. 지상1층 : D.A 상부 인근,35.85238121,128.6510438,미확보,0,error,미보유,미분석,,,,,,,,2027,2027-06-29,RAPA
171,m-RAPA-2008-4170,숭의역엘크루아파트&오피스텔,숭의역라온프라이빗아파트,수도권,인천광역시,제물포구,신흥동3가,인천광역시 제물포구 신흥동3가 7 79,608,4,미지정,37.463002,126.633676,확보,147,complex_polygon+buffer0.0015,미보유,미분석,,,,,,,,2027,2027-06-29,LGU+
172,m-RAPA-2305-1889,동두천시 송라지구 A-1BL 공동주택 신축공사,빌리브 라디체,수도권,경기도,동두천시,송내동,경기도 동두천시 송내동 517 1,896,7,"103,106,107",37.87853234,127.0547506,미확보,0,error,미보유,미분석,,,,,,,,2027,2027-06-29,KT
173,m-RAPA-2311-4001,울산태화강변A-2BL 공동주택 신축공사,울산태화강변지구 A-2블록,동부,울산광역시,울주군,범서읍,울산광역시 울주군 범서읍 굴화리 울산태화강변 공공주택지구 A-2,435,8,"201,202,203,204,208",35.5596755,129.259785,확보,18,complex_polygon+buffer0.0015,미보유,완료 (OK),69.8,2,5,113,2026-09-07 05:31:54,배치(자동),,2027,2027-06-29,SKT
174,m-RAPA-2103-1408,구미대광로제비앙아파트,구미대광로제비앙아파트,동부,경상북도,구미시,산동읍,경상북도 구미시 산동읍 동곡리 60 3,2740,31,"101,104,106,107,109,000,000,000,000,000,000,000,000,000,000",36.182579,128.443824,확보,46,complex_polygon+buffer0.0015,미보유,미분석,,,,,,,,2027,2027-06-27,LGU+
175,m-RAPA-2107-4632,대구연호지구 A3BL 공동주택 건설사업,대구연호 A3,동부,대구광역시,수성구,연호동,대구광역시 수성구 연호동 대구연호 공공주택지구 A3,526,6,"301,303,306",35.84089294,128.6740395,미확보,0,error,미보유,완료 (OK),48.7,1,1,1,2026-08-17 22:14:24,배치(자동),,2027,2027-06-21,LGU+
176,m-RAPA-1903-1809,새울본부 직원사택 신축 설계용역,새울본부 직원사택,동부,울산광역시,울주군,서생면,울산광역시 울주군 서생면 신암리 23 1,231,12,"601,612",35.35206721,129.3331659,미확보,0,error,미보유,미분석,,,,,,,,2027,2027-06-17,RAPA
177,m-RAPA-2107-4333,시흥동 현대아파트 주택재건축 정비사업,시흥동 현대아파트,수도권,서울특별시,금천구,시흥동,서울특별시 금천구 시흥동 220 2,219,5,미지정,37.45358327,126.9136515,확보,213,complex_polygon+buffer0.0015,미보유,미분석,,,,,,,,2027,2027-06-10,RAPA
178,m-RAPA-2307-2472,순천그랜드파크자이,순천그랜드파크자이,서부,전남광주통합특별시,순천시,풍덕동,전남광주통합특별시 순천시 풍덕동 순천 풍덕지구 도시개발사업 1-2,997,9,"202,204,207,209",34.93592043,127.508605,확보,25,complex_polygon+buffer0.0015,미보유,미분석,,,,,,,,2027,2027-06-10,-
179,m-RAPA-2402-0467,다운2지구우미린어반파크아파트,다운2지구우미린어반파크아파트,동부,울산광역시,중구,다운동,울산광역시 중구 다운동 302 4,731,11,"102,103,104,105,108,000",35.58161792,129.2678447,확보,16,complex_polygon+buffer0.0015,미보유,미분석,,,,,,,,2027,2027-06-10,SKT
180,m-RAPA-2412-3487,범천동854-7 주상복합 신축공사,범천동 854-7 주상복합 신축공사 관련 공식 건물명 또는 아파트명을 확인할 수 있는 자료가 없습니다.,동부,부산광역시,부산진구,범천동,부산광역시 부산진구 범천동 854 7,0,1,미지정,35.14762347,129.0608045,미확보,0,error,미보유,미분석,,,,,,,,2027,2027-06-09,RAPA
181,m-RAPA-2308-2891,제천서부 공동주택 복합개발 건설공사,-,중부,충청북도,제천시,서부동,충청북도 제천시 서부동 431,42,1,1. 지상1층: 배기D.A 상부 외벽,37.13724431,128.2048432,미확보,0,error,미보유,미분석,,,,,,,,2027,2027-06-08,RAPA
182,m-RAPA-2012-7114,창원푸르지오파크베뉴아파트,창원푸르지오파크베뉴아파트,동부,경상남도,창원시 성산구,가음동,경상남도 창원시 성산구 가음동 24 1,570,4,"102,104",35.20692152,128.6961759,미확보,0,error,미보유,미분석,,,,,,,,2027,2027-06-03,SKT
183,m-RAPA-2104-2288,양주덕정역에피트아파트,양주덕정역에피트아파트,수도권,경기도,양주시,회정동,경기도 양주시 회정동 194 1,427,4,미지정,37.834732,127.053775,확보,75,complex_polygon+buffer0.0015,미보유,미분석,,,,,,,,2027,2027-05-31,LGU+
184,m-RAPA-2210-5626,LH함평기산 공동주택 건설공사,함평기산공공주택,서부,전남광주통합특별시,함평군,함평읍,전남광주통합특별시 함평군 함평읍 기각리 775 1,60,1,1. 지상1층 : D.A 상부 외벽,35.06674813,126.5169762,미확보,0,error,미보유,미분석,,,,,,,,2027,2027-05-31,RAPA
185,m-RAPA-2205-3183,서초구 서초동 1622번지 일원 가로주택정비사업,해링턴 플레이스 서초,수도권,서울특별시,서초구,서초동,서울특별시 서초구 서초동 1622 8,69,3,미지정,37.48716935,127.0160417,확보,187,complex_polygon+buffer0.0015,미보유,미분석,,,,,,,,2027,2027-05-30,RAPA
186,m-RAPA-2205-3099,퇴계원역1차 지역주택조합 아파트 신축공사,퇴계원역 경남아너스빌,수도권,경기도,남양주시,퇴계원읍,경기도 남양주시 퇴계원읍 퇴계원리 142 27,228,3,미지정,37.64701811,127.1480321,확보,155,complex_polygon+buffer0.0015,미보유,미분석,,,,,,,,2027,2027-05-30,RAPA
187,m-RAPA-2508-2083,자양동 180-4 신축공사,자양동 180-4 신축아파트,수도권,서울특별시,광진구,자양동,서울특별시 광진구 자양동 180 4,0,1,1. 지상1층 : D.A 상부 인근외벽,37.5338797,127.0613405,미확보,0,error,미보유,미분석,,,,,,,,2027,2027-05-30,RAPA
188,m-RAPA-1812-7717,e편한세상센텀하이베뉴,e편한세상센텀하이베뉴,동부,부산광역시,해운대구,재송동,부산광역시 해운대구 재송동 1030,924,8,"102,104,105",35.19383578,129.1259767,미확보,0,error,미보유,미분석,,,,,,,,2027,2027-05-30,SKT
189,m-RAPA-2202-0957,신화 새다움 더 클래스 공동주택 신축공사,신화 새다움 더 클래스,수도권,강원특별자치도,강릉시,홍제동,강원특별자치도 강릉시 홍제동 265 18,297,5,미지정,37.75252958,128.8809296,확보,158,complex_polygon+buffer0.0015,미보유,미분석,,,,,,,,2027,2027-05-30,RAPA
190,m-RAPA-2308-2961,양주백석모아엘가그랑데아파트,양주백석모아엘가그랑데아파트,수도권,경기도,양주시,백석읍,경기도 양주시 백석읍 복지리 279 1,929,9,"101,103,105,106,108",37.784715,126.986552,확보,65,complex_polygon+buffer0.0015,미보유,미분석,,,,,,,,2027,2027-05-30,LGU+
191,m-RAPA-1905-2967,두산위브제니스센트럴계양아파트,두산위브제니스센트럴계양아파트,수도권,인천광역시,계양구,작전동,인천광역시 계양구 작전동 439 7,1370,9,"104,106,107,109",37.52893979,126.7196673,확보,180,complex_polygon+buffer0.0015,미보유,미분석,,,,,,,,2027,2027-05-30,SKT
192,m-RAPA-2407-1956,원종휴먼빌클라츠아파트,원종휴먼빌클라츠아파트,수도권,경기도,부천시 오정구,원종동,경기도 부천시 오정구 원종동 부천원종 공공주택지구 B1,255,4,미지정,37.53114539,126.8008683,확보,47,complex_polygon+buffer0.0015,미보유,미분석,,,,,,,,2027,2027-05-30,KT
193,m-RAPA-2007-3415,'20 군관사 위탁개발사업 (대방),서울대방 신혼희망타운,수도권,서울특별시,영등포구,신길동,서울특별시 영등포구 신길동 1286,283,3,미지정,37.51171227,126.9241173,확보,157,complex_polygon+buffer0.0015,미보유,미분석,,,,,,,,2027,2027-05-30,RAPA
194,m-RAPA-2107-4650,더샵당리센트리체아파트,더샵당리센트리체아파트,동부,부산광역시,사하구,당리동,부산광역시 사하구 당리동 54,821,8,"102,103,105,107",35.10796641,128.9775405,확보,440,complex_polygon+buffer0.0015,미보유,미분석,,,,,,,,2027,2027-05-29,LGU+
195,m-RAPA-2302-0467,힐스테이트광주곤지암역아파트,힐스테이트광주곤지암역아파트,수도권,경기도,광주시,곤지암읍,경기도 광주시 곤지암읍 신대리 16 1,635,10,"101,103,106,109",37.3546266,127.3400351,확보,73,complex_polygon+buffer0.0015,미보유,미분석,,,,,,,,2027,2027-05-27,SKT
196,m-RAPA-2009-4716,의왕월암A1아파트,의왕월암A1아파트,수도권,경기도,의왕시,월암동,경기도 의왕시 월암동 41 2,674,8,"101,104,105,106",37.312495,126.961617,확보,12,complex_polygon+buffer0.0015,미보유,미분석,,,,,,,,2027,2027-05-23,LGU+
197,m-RAPA-2206-3599,경기도 오산시 원동 760-8번지 오피스텔 신축공사,오산 원동7구역 지역주택조합 아파트,수도권,경기도,오산시,원동,경기도 오산시 원동 760 8,33,1,1. 지상1층 : D.A 상부 인근,37.147176,127.0703311,미확보,0,error,미보유,미분석,,,,,,,,2027,2027-05-20,RAPA
198,m-RAPA-1910-5654,대전성남우미린뉴시티,대전성남우미린뉴시티,중부,대전광역시,동구,성남동,대전광역시 동구 성남동 1 154,1213,9,"101,102,104",36.34541135,127.4371993,확보,918,complex_polygon+buffer0.0015,미보유,미분석,,,,,,,,2027,2027-05-19,LGU+
199,m-RAPA-2205-2673,동탄2신도시동탄역대방엘리움더시그니처아파트+오피스텔,동탄2신도시동탄역대방엘리움더시그니처아파트+오피스텔,수도권,경기도,화성시 동탄구,여울동,경기도 화성시 동탄구 여울동 1099,0,6,미지정,37.19233,127.090861,확보,25,complex_polygon+buffer0.0015,미보유,미분석,,,,,,,,2027,2027-05-19,-
200,m-RAPA-2110-6146,횡성우천2 행복주택  건설공사,횡성우천2 행복주택,수도권,강원특별자치도,횡성군,우천면,강원특별자치도 횡성군 우천면 양적리 54 2,80,2,1. 지상1층 : D.A 상부 인근외벽,37.46023117,128.0602053,미확보,0,error,미보유,미분석,,,,,,,,2027,2027-05-17,RAPA
201,m-RAPA-2205-3222,여주역자이헤리티지아파트,여주역자이헤리티지아파트,수도권,경기도,여주시,교동,경기도 여주시 교동 500 118,771,8,"102,104,106,108",37.27656743,127.6283085,확보,43,complex_polygon+buffer0.0015,미보유,미분석,,,,,,,,2027,2027-05-13,SKT
202,m-RAPA-2111-7256,e편한세상여수글렌츠아파트,e편한세상여수글렌츠아파트,서부,전남광주통합특별시,여수시,신기동,전남광주통합특별시 여수시 신기동 3,1365,15,"101,102,103,104,105,000,000,000",34.7649923,127.6771988,미확보,0,error,미보유,미분석,,,,,,,,2027,2027-05-13,-
203,m-RAPA-2203-1640,부산 거제동 업무시설 신축공사,거제동 데시앙,동부,부산광역시,연제구,거제동,부산광역시 연제구 거제동 1498 1,0,1,1.지상1층: 계단실 인근 건축물 외벽(도로향),35.19010848,129.0729139,미확보,0,error,미보유,미분석,,,,,,,,2027,2027-05-11,RAPA
204,m-RAPA-2211-6298,부산장안지구 중흥S-클래스_아파트,부산장안지구 중흥S-클래스_아파트,동부,부산광역시,기장군,장안읍,부산광역시 기장군 장안읍 좌동리 부산장안지구 택지개발사업 B-2,514,9,"602,603,604,607,609",35.320282,129.240062,확보,82,complex_polygon+buffer0.0015,미보유,미분석,,,,,,,,2027,2027-05-05,KT
205,m-RAPA-2207-4073,행정중심복합도시 6-3 L2BL 공동주택 건설공사,행정중심복합도시 6-3 L2BL 공공주택,중부,세종특별자치시,세종,산울동,세종특별자치시 세종 산울동 행정중심복합도시건설사업 6-3생활권 L2,500,8,"201,202,203,204,206,000",36.5277369,127.2564895,미확보,0,error,미보유,경고 (WARN),0.0,0,0,1,2026-08-17 22:14:25,배치(자동),커버리지 0% (배치 대상 베란다/후보점 부재 또는 목표 커버리지 미도달),2027,2027-05-03,LGU+
206,m-RAPA-2212-7048,부산광역시 연제구 거제동 714-16번지 공공지원민간임대주택 신축공사,부산 연제 거제 공공지원 민간임대주택,동부,부산광역시,연제구,거제동,부산광역시 연제구 거제동 714 16,90,1,미지정,35.17870349,129.0656405,미확보,0,error,미보유,미분석,,,,,,,,2027,2027-04-30,RAPA
207,m-RAPA-2101-0094,동해천곡 고령자주택 건설공사,동해천곡 고령자복지주택,수도권,강원특별자치도,동해시,천곡동,강원특별자치도 동해시 천곡동 6,402,4,1. 지상1층 : D.A 외벽,37.51426146,129.1214703,미확보,0,error,미보유,미분석,,,,,,,,2027,2027-04-30,RAPA
208,m-RAPA-2010-5592,계룡펠리피아아파트,계룡펠리피아아파트,중부,충청남도,계룡시,엄사면,충청남도 계룡시 엄사면 엄사리 234,823,7,"103,105,106",36.28444937,127.2338854,확보,83,complex_polygon+buffer0.0015,미보유,미분석,,,,,,,,2027,2027-04-29,SKT
209,m-RAPA-2102-0725,검단신도시AB21-2블록아파트,검단신도시AB21-2블록아파트,수도권,인천광역시,검단구,불로동,인천광역시 검단구 불로동 인천검단지구 택지개발사업 AB21-2,918,9,"101,102,106,109",37.609551,126.680451,미확보,0,error,미보유,미분석,,,,,,,,2027,2027-04-29,LGU+
210,m-RAPA-2201-0323,천안시 성정동 공공민간임대주택 신축공사,천안시 성정동 공공지원 임대주택,중부,충청남도,천안시 서북구,성정동,충청남도 천안시 서북구 성정동 1425,0,1,미지정,36.82600537,127.1440578,미확보,0,error,미보유,미분석,,,,,,,,2027,2027-04-29,-
211,m-RAPA-2208-4482,송도자이풍경채그라노블2단지아파트,송도자이풍경채그라노블2단지아파트,수도권,인천광역시,연수구,송도동,인천광역시 연수구 송도동 552,548,7,"1,201,120,212,031,200",37.378781,126.680844,확보,28,complex_polygon+buffer0.0015,미보유,미분석,,,,,,,,2027,2027-04-29,KT
212,m-RAPA-2208-4530,송도자이풍경채그라노블1단지아파트,송도자이풍경채그라노블1단지아파트,수도권,인천광역시,연수구,송도동,인천광역시 연수구 송도동 551 1,469,6,미지정,37.377156,126.679281,확보,33,complex_polygon+buffer0.0015,미보유,미분석,,,,,,,,2027,2027-04-29,LGU+
213,m-RAPA-2303-0848,이천자이더레브아파트,이천자이더레브아파트,수도권,경기도,이천시,송정동,경기도 이천시 송정동 31,635,7,"101,102,105,107",37.29469567,127.4370117,확보,177,complex_polygon+buffer0.0015,미보유,미분석,,,,,,,,2027,2027-04-29,LGU+
214,m-RAPA-2307-2735,휴먼빌일산클래스원아파트,휴먼빌일산클래스원아파트,수도권,경기도,고양시 일산동구,식사동,경기도 고양시 일산동구 식사동 고양 풍동2지구 3블럭 도시개발사업 공동주택2,529,4,"201,202,203,204",37.66942265,126.8050163,확보,73,complex_polygon+buffer0.0015,미보유,미분석,,,,,,,,2027,2027-04-29,LGU+
215,m-RAPA-2309-3449,고양장항아테라아파트,고양장항아테라아파트,수도권,경기도,고양시 일산동구,장항동,경기도 고양시 일산동구 장항동 고양장항 공공주택지구 B-3,760,8,"301,302,304,306,308",37.647882,126.759628,확보,35,complex_polygon+buffer0.0015,미보유,미분석,,,,,,,,2027,2027-04-29,LGU+
216,m-KT-2511-1381,갈현동 지식정보타운 S2블록 과천디에트르퍼스티지아파트,과천 디에트르 퍼스티지,수도권,경기도,과천시,갈현동,경기도 과천시 갈현동 822,740,0,미지정,-,-,미확보,0,,미보유,미분석,,,,,,,,2027,2027-04-29,SKT
217,m-RAPA-2307-2632,사하구 장림동 의료시설,장림 두산위브더제니스 센트럴사하,동부,부산광역시,사하구,장림동,부산광역시 사하구 장림동 282,0,1,미지정,35.07678434,128.9766641,미확보,0,error,미보유,미분석,,,,,,,,2027,2027-04-29,RAPA
218,m-RAPA-2503-0787,전주시 덕진구 호성동 2가 공동 주택(연립 주택) 신축공사,전주에코시티더클래스,서부,전북특별자치도,전주시 덕진구,호성동2가,전북특별자치도 전주시 덕진구 호성동2가 801 31,44,4,미지정,35.87746101,127.1421582,미확보,0,error,미보유,미분석,,,,,,,,2027,2027-04-29,RAPA
219,m-RAPA-2205-2627,김해삼계푸르지오센트럴파크,김해삼계푸르지오센트럴파크,동부,경상남도,김해시,삼계동,경상남도 김해시 삼계동 1027 3,630,6,"101,102,105",35.27532258,128.8615856,확보,45,complex_polygon+buffer0.0015,미보유,미분석,,,,,,,,2027,2027-04-28,KT
220,m-RAPA-2106-3853,부산에코델타시티디에트르그랑루체아파트,부산에코델타시티디에트르그랑루체아파트,동부,부산광역시,강서구,강동동,부산광역시 강서구 강동동 부산 에코델타시티 친수구역,1470,27,"201,202,203,204,207,000,000,000,000,000,000,000,000,000,000,000",35.15780734,128.9173637,확보,31,complex_polygon+buffer0.0015,미보유,미분석,,,,,,,,2027,2027-04-23,LGU+
221,m-RAPA-1908-4373,평택고덕 신도시 A-43블록 공동주택 건설공사,호반써밋 고덕신도시 2차,수도권,경기도,평택시,고덕동,경기도 평택시 고덕동 고덕 국제화계획지구 및 택지개발지구 A-43,766,7,"301,305",37.03712468,127.0307388,확보,90,complex_polygon+buffer0.0015,미보유,미분석,,,,,,,,2027,2027-04-22,LGU+
222,m-RAPA-2211-6215,고덕국제신도시서한이다음그레이튼아파트,고덕국제신도시서한이다음그레이튼아파트,수도권,경기도,평택시,고덕동,경기도 평택시 고덕동 2394 2,1138,11,"15,021,504,150,615,000,000",37.05739278,127.0413162,확보,41,complex_polygon+buffer0.0015,미보유,미분석,,,,,,,,2027,2027-04-22,LGU+
223,m-RAPA-2308-2764,홍천 북방지구 공공임대주택,홍천 북방지구 강원형 공공임대주택,수도권,강원특별자치도,홍천군,북방면,강원특별자치도 홍천군 북방면 하화계리 27 14,80,1,1. 지상1층: D.A 상부 외벽,37.69042718,127.8685582,미확보,0,error,미보유,미분석,,,,,,,,2027,2027-04-21,RAPA
224,m-RAPA-2202-0851,영종진아레히아파트,영종진아레히아파트,수도권,인천광역시,영종구,운남동,인천광역시 영종구 운남동 1654 1,547,7,"552,554,557",37.483948,126.528106,확보,27,complex_polygon+buffer0.0015,미보유,미분석,,,,,,,,2027,2027-04-08,KT
225,m-RAPA-1911-5808,쌍용더플래티넘네이처,쌍용더플래티넘네이처,중부,대전광역시,대덕구,읍내동,대전광역시 대덕구 읍내동 51 18,761,11,"102,103,107,109,111",36.37700445,127.4252624,확보,103,complex_polygon+buffer0.0015,미보유,미분석,,,,,,,,2027,2027-04-08,LGU+
226,m-RAPA-2307-2703,과천디에트르퍼스티지아파트,과천디에트르퍼스티지아파트,수도권,경기도,과천시,문원동,경기도 과천시 문원동 과천지식정보타운 공공주택지구 S2,740,6,"203,204,205,206",37.416389,126.98898,확보,52,complex_polygon+buffer0.0015,미보유,미분석,,,,,,,,2027,2027-04-08,-
227,m-RAPA-2301-0161,봉산공원첨단제일풍경채,봉산공원첨단제일풍경채,서부,전남광주통합특별시,광산구,산월동,전남광주통합특별시 광산구 산월동 22,948,10,"104,105,106,107",35.20367394,126.8448081,확보,83,complex_polygon+buffer0.0015,미보유,미분석,,,,,,,,2027,2027-04-08,-
228,m-RAPA-2012-6898,더샵분당센트로아파트,더샵분당센트로아파트,수도권,경기도,성남시 분당구,구미동,경기도 성남시 분당구 구미동 220,647,7,"401,405",37.33929313,127.1169239,미확보,0,error,미보유,미분석,,,,,,,,2027,2027-04-02,LGU+
229,m-RAPA-2106-3833,경북청도 행복주택 및 생활혁신센터 건설공사,경북청도 행복주택,동부,경상북도,청도군,청도읍,경상북도 청도군 청도읍 고수리 498,42,1,1. 지상1층 : D.A 상부 인근,35.64543155,128.7412663,미확보,0,error,미보유,미분석,,,,,,,,2027,2027-03-31,RAPA
230,m-RAPA-2206-3734,서초구 양재동 1-26번지 역세권 청년주택,서초구 양재동 1-26번지 역세권 청년주택,수도권,서울특별시,서초구,양재동,서울특별시 서초구 양재동 1 26,342,1,미지정,37.48486513,127.0391139,미확보,0,error,미보유,미분석,,,,,,,,2027,2027-03-31,LGU+
231,m-RAPA-2402-0382,대구국가산단 A7-1BL 행복주택 건설공사,대구국가산단A7-1BL 행복주택,동부,대구광역시,달성군,구지면,대구광역시 달성군 구지면 대암리 대구국가산업단지 A7-1BL,448,3,미지정,35.62525678,128.4029251,미확보,0,error,미보유,완료 (OK),79.3,2,4,3,2026-08-17 22:17:33,화면(수동),,2027,2027-03-31,RAPA
232,m-RAPA-2507-1826,경기도 부천시 소사구 소사본동 82-1 외 2필지 (82-2 82-15) 공동주택 신축공사,-,수도권,경기도,부천시 소사구,소사본동,경기도 부천시 소사구 소사본동 82 1,43,1,1. 지상1층 : D.A 상부 인근외벽,37.47929861,126.7952024,미확보,0,error,미보유,미분석,,,,,,,,2027,2027-03-31,RAPA
233,m-RAPA-2405-1516,익산 부송4지구 A블럭 민간참여 공공주택 건설사업,익산 부송4지구 A블록 공공임대아파트,서부,전북특별자치도,익산시,부송동,전북특별자치도 익산시 부송동 293 2,300,4,미지정,35.96597522,126.9927771,미확보,0,error,미보유,미분석,,,,,,,,2027,2027-03-30,-
234,m-RAPA-1901-0209,힐스테이트가장더퍼스트아파트,힐스테이트가장더퍼스트아파트,중부,대전광역시,서구,가장동,대전광역시 서구 가장동 38 1,1779,15,"104,106,109,113,115",36.32945081,127.3850095,확보,519,complex_polygon+buffer0.0015,미보유,미분석,,,,,,,,2027,2027-03-30,SKT
235,m-RAPA-2106-3695,더샵시에르네,더샵시에르네,동부,울산광역시,중구,학성동,울산광역시 중구 학성동 397 1,788,13,"102,104,107,109,112",35.55922338,129.3322252,확보,280,complex_polygon+buffer0.0015,미보유,완료 (OK),60.1,2,5,214,2026-09-07 05:35:28,배치(자동),,2027,2027-03-30,SKT
236,m-RAPA-2112-8222,일광노르웨이숲오션포레,일광노르웨이숲오션포레,동부,부산광역시,기장군,일광읍,부산광역시 기장군 일광읍 이천리 720 2,1294,11,"101,102,104,106,109,000",35.27085697,129.2275989,확보,87,complex_polygon+buffer0.0015,미보유,미분석,,,,,,,,2027,2027-03-30,KT
237,m-RAPA-2509-2393,화성시 향남읍 상신리 61-8번지(상신2지구) 공동주택 신축공사,화성 상신2지구 공동주택,수도권,경기도,화성시 만세구,향남읍,경기도 화성시 만세구 향남읍 상신리 61 8,75,2,1. 지상1층 : D.A 상부 인근,37.11167093,126.9012782,미확보,0,error,미보유,미분석,,,,,,,,2027,2027-03-30,RAPA
238,m-RAPA-2105-3094,평창동 주거복합단지 신축공사,평창동 주거복합단지,수도권,서울특별시,종로구,평창동,서울특별시 종로구 평창동 113 1,201,1,미지정,37.61105974,126.9770178,미확보,0,error,미보유,미분석,,,,,,,,2027,2027-03-30,RAPA
239,m-RAPA-2004-1607,도마포레나해모로,도마포레나해모로,중부,대전광역시,서구,도마동,대전광역시 서구 도마동 181 1,818,7,"103,105,107",36.31133098,127.3812961,확보,153,complex_polygon+buffer0.0015,미보유,미분석,,,,,,,,2027,2027-03-30,LGU+
240,m-LG-2604-0376,두산위브더제니스센트럴용인아파트,두산위브더제니스센트럴용인아파트,수도권,경기도,용인시 처인구,삼가동,경기도 용인시 처인구 삼가동 174,568,7,미지정,-,-,미확보,0,,미보유,미분석,,,,,,,,2027,2027-03-30,LGU+
241,m-RAPA-1805-04-02-2732,양정롯데캐슬프론티엘아파트,양정롯데캐슬프론티엘아파트,동부,부산광역시,부산진구,양정동,부산광역시 부산진구 양정동 64 3,903,10,"102,103,105,204",35.17280242,129.0738966,확보,458,complex_polygon+buffer0.0015,미보유,미분석,,,,,,,,2027,2027-03-30,LGU+
242,m-RAPA-2012-6980,함평군 함평읍 기각지구 1-6BL 아파트 신축공사,함평 서현 수와일 리버파크,서부,전남광주통합특별시,함평군,함평읍,전남광주통합특별시 함평군 함평읍 기각리 198,160,3,미지정,35.06216661,126.5265123,확보,47,complex_polygon+buffer0.0015,미보유,미분석,,,,,,,,2027,2027-03-29,RAPA
243,m-RAPA-2211-6460,제천 채움하우스 임대주택 건설공사,제천 채움하우스,중부,충청북도,제천시,영천동,충청북도 제천시 영천동 1383 2,50,2,1. 지상1층: D.A 상부 외벽,37.12715294,128.2085063,미확보,0,error,미보유,미분석,,,,,,,,2027,2027-03-20,RAPA
244,m-RAPA-2207-4386,운암산공원우미린리버포레,운암산공원우미린리버포레,서부,전남광주통합특별시,북구,동림동,전남광주통합특별시 북구 동림동 76,734,6,"103,105",35.18102744,126.8635366,확보,49,complex_polygon+buffer0.0015,미보유,미분석,,,,,,,,2027,2027-03-14,-
245,m-RAPA-2204-1897,춘천아테라에듀파크,춘천아테라에듀파크,수도권,강원특별자치도,춘천시,동면,강원특별자치도 춘천시 동면 만천리 770 6,477,4,미지정,37.88541777,127.7576643,확보,114,complex_polygon+buffer0.0015,미보유,미분석,,,,,,,,2027,2027-03-14,LGU+
246,m-RAPA-2109-5838,양평하늘채센트로힐스아파트,양평하늘채센트로힐스아파트,수도권,경기도,양평군,양평읍,경기도 양평군 양평읍 덕평리 661 7,539,7,"102,105,107",37.50070058,127.4810555,확보,35,complex_polygon+buffer0.0015,미보유,미분석,,,,,,,,2027,2027-03-14,KT
247,m-RAPA-2211-6571,제일풍경채운정아파트,제일풍경채운정아파트,수도권,경기도,파주시,동패동,경기도 파주시 동패동 2276,520,11,"803,806,808,810,811",37.72196,126.730494,확보,42,complex_polygon+buffer0.0015,미보유,미분석,,,,,,,,2027,2027-03-11,LGU+
248,m-RAPA-2304-1421,제주중부공원제일풍경채센트럴파크,제주중부공원제일풍경채센트럴파크,서부,제주특별자치도,제주시,건입동,제주특별자치도 제주시 건입동 167,728,12,"103,108,109",33.507773,126.548273,확보,41,complex_polygon+buffer0.0015,미보유,미분석,,,,,,,,2027,2027-03-11,-
249,m-RAPA-2208-4590,남양주왕숙 B2BL 공동주택 건설공사,남양주왕숙 B-2BL 공동주택,수도권,경기도,남양주시,진접읍,경기도 남양주시 진접읍 연평리 남양주왕숙 공공주택지구 B2,587,10,"201,203,205,207,209",37.68487466,127.1716445,확보,57,complex_polygon+buffer0.0015,미보유,미분석,,,,,,,,2027,2027-03-11,KT
250,m-RAPA-2404-0904,군산시 조촌동 770번지 일원 공동주택 신축공사,-,서부,전북특별자치도,군산시,조촌동,전북특별자치도 군산시 조촌동 770,176,2,미지정,35.96364872,126.7376922,미확보,0,error,미보유,미분석,,,,,,,,2027,2027-03-09,-
251,m-RAPA-2302-0494,대명아파트 가로주택정비사업,-,수도권,서울특별시,강동구,암사동,서울특별시 강동구 암사동 447 8,94,1,1.지상1층: 지하주차장 환기부 인근 건축물 외벽(도로향),37.55525839,127.1357616,미확보,0,error,미보유,미분석,,,,,,,,2027,2027-03-06,LGU+
252,m-RAPA-2110-6180,경기도 의정부시 녹양동 일원 의정부우정 공공주택지구 A2BL,의정부우정A2블록,수도권,경기도,의정부시,녹양동,경기도 의정부시 녹양동 의정부우정 공공주택지구 A2,463,6,미지정,37.76196526,127.0319807,확보,99,complex_polygon+buffer0.0015,미보유,미분석,,,,,,,,2027,2027-02-28,RAPA
253,m-RAPA-2006-2744,나주영산윤슬의아침더정원아파트,나주영산윤슬의아침더정원아파트,서부,전남광주통합특별시,나주시,이창동,전남광주통합특별시 나주시 이창동 714,302,4,미지정,34.99507747,126.7033603,확보,64,complex_polygon+buffer0.0015,미보유,미분석,,,,,,,,2027,2027-02-28,-
254,m-SK-2605-0549,창경궁롯데캐슬시그니처,-,수도권,서울특별시,성북구,삼선동2가,서울특별시 성북구 삼선동2가 296,1223,19,미지정,-,-,미확보,0,,미보유,미분석,,,,,,,,2027,2027-02-27,-
255,m-KT-2606-0624,푸르지오라디우스파크아파트,푸르지오라디우스파크아파트,수도권,서울특별시,성북구,장위동,서울특별시 성북구 장위동 25 55,1637,15,미지정,-,-,미확보,0,,미보유,미분석,,,,,,,,2027,2027-02-27,KT
256,m-KT-2605-0576,성동자이리버뷰아파트,성동자이리버뷰아파트,수도권,서울특별시,성동구,용답동,서울특별시 성동구 용답동 108 1,1670,14,미지정,-,-,미확보,0,,미보유,미분석,,,,,,,,2027,2027-02-27,KT
257,m-RAPA-2307-2403,영통자이센트럴파크아파트,영통자이센트럴파크아파트,수도권,경기도,수원시 영통구,영통동,경기도 수원시 영통구 영통동 961 11,580,7,"102,105,107",37.254307,127.068014,확보,34,complex_polygon+buffer0.0015,미보유,미분석,,,,,,,,2027,2027-02-27,SKT
258,m-RAPA-2304-1364,안성당왕경남아너스빌하이스트_아파트,안성당왕경남아너스빌하이스트_아파트,수도권,경기도,안성시,신소현동,경기도 안성시 신소현동 안성(당왕지구) 도시관리계획 1,976,12,"104,106,108,110,112",37.020481,127.257844,확보,104,complex_polygon+buffer0.0015,미보유,미분석,,,,,,,,2027,2027-02-27,LGU+
259,m-RAPA-2209-5389,수원 팔달구 인계동 공공지원임대주택 신축공사,수원 인계동 공공지원 임대주택,수도권,경기도,수원시 팔달구,인계동,경기도 수원시 팔달구 인계동 754 1,216,3,미지정,37.27443328,127.021141,미확보,0,error,미보유,미분석,,,,,,,,2027,2027-02-27,LGU+
260,m-RAPA-2202-0637,부여쌍북골드클래스,부여쌍북골드클래스,중부,충청남도,부여군,부여읍,충청남도 부여군 부여읍 쌍북리 595,413,11,미지정,36.28221113,126.9193897,확보,321,complex_polygon+buffer0.0015,미보유,미분석,,,,,,,,2027,2027-02-27,SKT
261,m-RAPA-1812-7635,르엘이촌아파트,르엘이촌아파트,수도권,서울특별시,용산구,이촌동,서울특별시 용산구 이촌동 301 160,750,11,"31,32,34",37.518592,126.9808379,미확보,0,error,미보유,미분석,,,,,,,,2027,2027-02-27,LGU+
262,m-RAPA-2201-0482,힐스테이트더웨이브시티아파트,힐스테이트더웨이브시티아파트,수도권,경기도,시흥시,정왕동,경기도 시흥시 정왕동 2716,851,12,"101,102,105,106,107,000,000",37.321981,126.685644,확보,55,complex_polygon+buffer0.0015,미보유,미분석,,,,,,,,2027,2027-02-25,LGU+
263,m-RAPA-2301-0126,수송동 757-1번지 일원 공동주택 신축공사,수송동 아르티엠,서부,전북특별자치도,군산시,수송동,전북특별자치도 군산시 수송동 757 1,40,2,1. 지상1층 : 지하주차장 D.A 인근 외벽,35.96959202,126.7113548,미확보,0,error,미보유,미분석,,,,,,,,2027,2027-02-24,RAPA
264,m-RAPA-2304-1530,제일풍경채검단IV_아파트,제일풍경채검단IV_아파트,수도권,인천광역시,검단구,불로동,인천광역시 검단구 불로동 963 1,1050,10,"101,104,106,108,110",37.61495041,126.6985043,확보,48,complex_polygon+buffer0.0015,미보유,미분석,,,,,,,,2027,2027-02-17,SKT
265,m-RAPA-2212-6846,일산e편한세상메이포레3단지_아파트,일산e편한세상메이포레3단지_아파트,수도권,경기도,고양시 일산동구,풍동,경기도 고양시 일산동구 풍동 풍동2지구 4블럭 도시개발구역 A3,457,4,미지정,37.66599,126.803625,확보,100,complex_polygon+buffer0.0015,미보유,미분석,,,,,,,,2027,2027-02-14,LGU+
266,m-RAPA-2212-6842,일산e편한세상메이포레1단지_아파트,일산e편한세상메이포레1단지_아파트,수도권,경기도,고양시 일산동구,풍동,경기도 고양시 일산동구 풍동 풍동2지구 4블럭 도시개발구역 A1,321,4,미지정,37.664436,126.800823,확보,105,complex_polygon+buffer0.0015,미보유,미분석,,,,,,,,2027,2027-02-14,SKT
267,m-RAPA-2212-6843,일산e편한세상메이포레2단지_아파트,일산e편한세상메이포레2단지_아파트,수도권,경기도,고양시 일산동구,풍동,경기도 고양시 일산동구 풍동 풍동2지구 4블럭 도시개발구역 A2,564,5,"202,203,204",37.663408,126.801834,확보,134,complex_polygon+buffer0.0015,미보유,미분석,,,,,,,,2027,2027-02-14,KT
268,m-RAPA-1812-7573,가양동다우갤러리휴리움아파트,가양동다우갤러리휴리움아파트,중부,대전광역시,동구,가양동,대전광역시 동구 가양동 53 4,224,4,미지정,36.34911167,127.4502763,확보,353,complex_polygon+buffer0.0015,미보유,미분석,,,,,,,,2027,2027-02-12,KT
269,m-RAPA-2110-6387,남양주왕숙 B-1BL 공동주택건설공사,왕숙 푸르지오 더 퍼스트 1단지,수도권,경기도,남양주시,진접읍,경기도 남양주시 진접읍 연평리 남양주왕숙 공공주택지구 B-1,560,9,"103,105,108",37.68837914,127.1718652,미확보,0,error,미보유,미분석,,,,,,,,2027,2027-02-11,SKT
270,m-RAPA-2110-6422,하남교산 A2BL 공동주택 건설공사,교산 푸르지오 더 퍼스트,수도권,경기도,하남시,천현동,경기도 하남시 천현동 하남교산 공공주택지구 A2,1115,14,"203,204,207,209,213,000",37.53692854,127.2177142,확보,132,complex_polygon+buffer0.0015,미보유,미분석,,,,,,,,2027,2027-02-11,KT
271,m-RAPA-2110-6142,남양주왕숙 B17BL 공동주택(공공분양) 건설공사,남양주왕숙 B-17블록 공공분양,수도권,경기도,남양주시,진건읍,경기도 남양주시 진건읍 진관리 남양주왕숙 공공주택지구 B17,499,8,미지정,37.65653966,127.1711005,확보,96,complex_polygon+buffer0.0015,미보유,미분석,,,,,,,,2027,2027-02-11,RAPA
272,m-RAPA-2208-4675,군산시 조촌동 773-4번지 공동주택 계획안,-,서부,전북특별자치도,군산시,조촌동,전북특별자치도 군산시 조촌동 773 4,256,2,미지정,35.96448704,126.736662,확보,72,complex_polygon+buffer0.0015,미보유,미분석,,,,,,,,2027,2027-02-09,RAPA
273,m-RAPA-2305-1725,검단아테라자이_아파트,검단아테라자이_아파트,수도권,인천광역시,검단구,불로동,인천광역시 검단구 불로동 인천검단지구 택지개발사업 AB21-1,709,6,"101,104,106",37.610273,126.682548,확보,41,complex_polygon+buffer0.0015,미보유,미분석,,,,,,,,2027,2027-02-04,KT
274,m-RAPA-2302-0515,부산진구 양정동 270-7 근린생활시설 신축공사,양정자이더샵SK뷰,동부,부산광역시,부산진구,양정동,부산광역시 부산진구 양정동 270 7,0,1,1.지상1층: 계단실 인근 건축물 외벽,35.17566921,129.073732,미확보,0,error,미보유,미분석,,,,,,,,2027,2027-01-31,LGU+
275,m-RAPA-2212-6763,회산동 르네상스 공동주택 신축공사,강릉 회산동 르네상스 에비뉴,수도권,강원특별자치도,강릉시,회산동,강원특별자치도 강릉시 회산동 536,329,3,미지정,37.74255751,128.8634433,미확보,0,error,미보유,미분석,,,,,,,,2027,2027-01-31,KT
276,m-RAPA-2211-6287,더플래티넘센트럴포레아파트,더플래티넘센트럴포레아파트,수도권,경기도,양주시,삼숭동,경기도 양주시 삼숭동 187 47,600,8,"101,102,103,104,107",37.80016514,127.1059504,미확보,0,error,미보유,미분석,,,,,,,,2027,2027-01-31,KT
277,m-RAPA-2209-5111,김제시 검산동 공동주택 신축공사,김제검산예다음아파트,서부,전북특별자치도,김제시,검산동,전북특별자치도 김제시 검산동 510 7,648,9,"103,105,106,107",35.80502802,126.9081486,확보,82,complex_polygon+buffer0.0015,미보유,미분석,,,,,,,,2027,2027-01-31,LGU+
278,m-RAPA-2502-0296,경기도 의정부시 호원동 57-3번지 일원 주상복합아파트 계획안 (LH매입임대사업),경기도 의정부시 호원동 주상복합아파트,수도권,경기도,의정부시,호원동,경기도 의정부시 호원동 57 3,81,1,미지정,37.71970998,127.0461445,미확보,0,error,미보유,미분석,,,,,,,,2027,2027-01-30,RAPA
279,m-RAPA-2209-5273,수성구 청솔로 가로주택정비사업,수성청솔로아파트,동부,대구광역시,수성구,수성동3가,대구광역시 수성구 수성동3가 23,90,1,1. 지상1층 : D.A 상부 인근,35.85834937,128.6209376,미확보,0,error,미보유,미분석,,,,,,,,2027,2027-01-30,SKT
280,m-RAPA-2204-1931,울산광역시 남구 신정동 638-1번지 공동주택 신축공사,힐스테이트 문수로 센트럴,동부,울산광역시,남구,신정동,울산광역시 남구 신정동 638 1,301,2,미지정,35.54141302,129.3076789,확보,433,complex_polygon+buffer0.0015,미보유,미분석,,,,,,,,2027,2027-01-30,RAPA
281,m-RAPA-2204-1933,울산광역시 남구 신정동 636-1번지 공동주택 신축공사,울산광역시 남구 신정동 공동주택,동부,울산광역시,남구,신정동,울산광역시 남구 신정동 636 1,301,2,미지정,35.54181018,129.307638,확보,433,complex_polygon+buffer0.0015,미보유,미분석,,,,,,,,2027,2027-01-30,RAPA
282,m-RAPA-2211-6083,서대문구 홍은동 크로바빌라 가로주택정비사업,홍은동 크로바빌라 아파트,수도권,서울특별시,서대문구,홍은동,서울특별시 서대문구 홍은동 277 200,40,1,1.지상1층: 펌프실 상부 지하층 환기부 인근 건축물 외벽(도로향),37.57961581,126.9335834,미확보,0,error,미보유,미분석,,,,,,,,2027,2027-01-30,RAPA
283,m-RAPA-2107-4654,힐스테이트선화더와이즈,힐스테이트선화더와이즈,중부,대전광역시,중구,선화동,대전광역시 중구 선화동 85,851,5,"401,402,404",36.33603809,127.4185097,확보,51,complex_polygon+buffer0.0015,미보유,완료 (OK),66.1,2,4,232,2026-09-07 05:42:05,배치(자동),,2027,2027-01-30,-
284,m-RAPA-2103-1329,대구 달서구 본리동 주거복합 신축공사,본리자이,동부,대구광역시,달서구,본리동,대구광역시 달서구 본리동 661 9,0,3,미지정,35.83765969,128.5330766,미확보,0,error,미보유,미분석,,,,,,,,2027,2027-01-30,KT
285,m-RAPA-2009-5139,상봉라온프라이빗아파트,상봉라온프라이빗아파트,수도권,서울특별시,중랑구,중화동,서울특별시 중랑구 중화동 296 44,219,2,1.지상1층: 지상주차장 출입구 인근 지하층 환기부(도로향),37.59634896,127.0793908,확보,277,complex_polygon+buffer0.0015,미보유,미분석,,,,,,,,2027,2027-01-30,KT
286,m-RAPA-2106-3707,더샵광양레이크센텀,더샵광양레이크센텀,서부,전남광주통합특별시,광양시,마동,전남광주통합특별시 광양시 마동 348 4,920,9,"102,106,107,108",34.949912,127.70337,확보,37,complex_polygon+buffer0.0015,미보유,미분석,,,,,,,,2027,2027-01-29,-
287,m-RAPA-2411-3071,행정중심복합도시 5-1생활권 L5BL 아파트 건설공사,세종 5-1생활권 L5블록 아파트,중부,세종특별자치시,세종,연동면,세종특별자치시 세종 연동면 합강리 행정중심복합도시건설사업 5-1생활권 L5,1327,19,"501,502,506,508,510,000,000,000",36.52061853,127.347961,미확보,0,error,미보유,미분석,,,,,,,,2027,2027-01-28,-
288,m-RAPA-2111-7124,울산태화강변 A-1BL공공주택 건설공사,-,동부,울산광역시,울주군,범서읍,울산광역시 울주군 범서읍 굴화리 울산태화강변 공공주택지구 A-1,324,3,1. 지상1층 : D.A 상부 인근,35.5592919,129.2581367,미확보,0,error,미보유,미분석,,,,,,,,2027,2027-01-23,RAPA
289,m-RAPA-2310-3718,강화 교직원 공동관사,강화교직원공동관사,수도권,인천광역시,강화군,길상면,인천광역시 강화군 길상면 온수리 118 18,80,5,1. 지하1층: 전기실 인근 건축물 외벽,37.64601975,126.4793286,미확보,0,error,미보유,미분석,,,,,,,,2027,2027-01-20,RAPA
290,m-RAPA-2103-1663,평택 BRAIN CITY 공동 1BL 중흥 S-클래스 아파트 신축공사,평택브레인시티중흥S-클래스아파트,수도권,경기도,평택시,장안동,경기도 평택시 장안동 평택 브레인시티일반산업단지 공동1,1980,16,"103,105,106,111,114,000,000",37.0589405,127.0917105,확보,41,complex_polygon+buffer0.0015,미보유,미분석,,,,,,,,2027,2027-01-20,LGU+
291,m-RAPA-2212-6849,힐스테이트죽림더프라우드2BL아파트,힐스테이트죽림더프라우드2BL아파트,서부,전남광주통합특별시,여수시,소라면,전남광주통합특별시 여수시 소라면 죽림리 여수 죽림1지구 도시개발구역,931,15,"202,205,207,213,215",34.75982474,127.6386013,확보,104,complex_polygon+buffer0.0015,미보유,미분석,,,,,,,,2027,2027-01-14,LGU+
292,m-RAPA-2211-6124,더샵탕정인피니티시티2차아파트,더샵탕정인피니티시티2차아파트,중부,충청남도,아산시,탕정면,충청남도 아산시 탕정면 매곡리 아산 탕정지구 도시개발구역 A-3,1214,9,"301,302,303,304,305,000,000,000,000",36.79036203,127.0769253,확보,71,complex_polygon+buffer0.0015,미보유,완료 (OK),62.9,2,5,169,2026-09-07 05:44:53,배치(자동),,2027,2027-01-14,-
293,m-RAPA-2205-2845,오산세교힐데스하임_아파트,오산세교힐데스하임_아파트,수도권,경기도,오산시,벌음동,경기도 오산시 벌음동 381,715,9,"103,106,108,109",37.13893,127.039392,확보,65,complex_polygon+buffer0.0015,미보유,미분석,,,,,,,,2027,2027-01-14,KT
294,m-RAPA-2208-5041,전주대라수글로벌에듀,전주대라수글로벌에듀,서부,전북특별자치도,전주시 덕진구,금암동,전북특별자치도 전주시 덕진구 금암동 523 143,0,4,미지정,35.83495402,127.1369937,확보,44,complex_polygon+buffer0.0015,미보유,완료 (OK),69.9,2,4,107,2026-09-07 05:33:45,배치(자동),,2027,2027-01-14,KT
295,m-RAPA-2212-6852,힐스테이트죽림더프라우드4BL아파트,힐스테이트죽림더프라우드4BL아파트,서부,전남광주통합특별시,여수시,소라면,전남광주통합특별시 여수시 소라면 죽림리 여수 죽림1지구 도시개발구역,341,5,미지정,34.75719075,127.6389633,확보,24,complex_polygon+buffer0.0015,미보유,미분석,,,,,,,,2027,2027-01-14,SKT
296,m-RAPA-2106-3961,정선사북 공공주택 건설공사(국민임대주택/행복주택),정선사북행복주택,수도권,강원특별자치도,정선군,사북읍,강원특별자치도 정선군 사북읍 사북리 344 4,150,2,1. 지상1층: 휀룸 D.A 상부 외벽(2개소),37.22821965,128.8194953,미확보,0,error,미보유,미분석,,,,,,,,2027,2027-01-11,-
297,m-RAPA-2206-3434,부천아테라자이아파트,부천아테라자이아파트,수도권,경기도,부천시 소사구,괴안동,경기도 부천시 소사구 괴안동 부천괴안 공공주택지구 B2,200,2,미지정,37.479638,126.816799,확보,40,complex_polygon+buffer0.0015,미보유,미분석,,,,,,,,2027,2027-01-10,KT
298,m-RAPA-2208-4753,부산장안지구디에트르디오션아파트,부산장안지구디에트르디오션아파트,동부,부산광역시,기장군,장안읍,부산광역시 기장군 장안읍 좌천리 부산장안지구 택지개발사업 B-3,507,6,"102,103,104,105,106",35.31743431,129.2385926,확보,35,complex_polygon+buffer0.0015,미보유,미분석,,,,,,,,2027,2027-01-04,SKT
299,m-RAPA-2004-1846,수원당수A5블록신혼희망타운아파트,수원당수A5블록신혼희망타운아파트,수도권,경기도,수원시 권선구,금곡동,경기도 수원시 권선구 금곡동 178,726,12,"501,503,510,512",37.284317,126.94523,확보,52,complex_polygon+buffer0.0015,미보유,미분석,,,,,,,,2027,2027-01-03,SKT
