본부,사업년도,RAPA식별코드,공사명,건물명/도로명,건물명 출처,유형,주용도,공사구분,시도,시군구,읍면동,번,지,리,시도_보정,시군구_보정,읍면동_보정,리_보정,번_보정,지_보정,대지구분,대지면적,연면적(지상),연면적(지하),연면적(합계),지상층수,지하층수,동,세대수,EV 설치 예상 대수,주차대수,세대당주차대수,도로구간(m),준공예정일,수정 준공예정일,입주자사전점검일,준공사,주소,공동망,관로동,위도,경도,RAPA등록_검증,준공예정일_검증,동수_검증,층수_검증,위경도_검증,최종검증결과
동부,2027,m-RAPA-2202-0846,대구 신암동 삼정그린코아 더베스트,신암동 삼정그린코아 더베스트,APT,500세대 이상,-,-,대구광역시,동구,신암동,225,4,-,-,-,-,-,-,-,대지,-,107027.2705,62882.2854,169909.5559,23,4,10,850,20,-,1.3,-,2027-12-30,-,2027-11-14,SKT,대구광역시 동구 신암동 225 4,미등록,"101,102,103,105,106,000",35.8815054,128.6229404,등록,-,-,-,-,미검증
수도권,2027,m-RAPA-2208-4903,송도자이풍경채그라노블4단지아파트,송도자이풍경채그라노블4단지아파트,APT,아파트,공동주택,건물,인천광역시,연수구,송도동,553,-,-,-,-,-,-,-,-,대지,-,83542.4613,42384.7853,125927.2466,47,2,2,504,4,-,1.3,-,2027-12-30,-,2027-11-14,LGU+,인천광역시 연수구 송도동 553,미등록,"14,011,402",37.378391,126.677678,등록,-,-,-,-,미검증
수도권,2027,m-RAPA-1811-6729,성남도환중1구역 도시환경정비사업(2BL),해링턴 플레이스 신흥역,APT,500세대 이상,-,-,경기도,성남시 중원구,중앙동,912,-,-,-,-,-,-,-,-,대지,-,67039.0847,37252.1618,104291.2465,35,4,6,640,12,-,1.3,-,2027-12-30,-,2027-11-14,SKT,경기도 성남시 중원구 중앙동 912,단독,상세참조,37.44064497,127.1494202,등록,-,-,-,-,미검증
수도권,2027,m-RAPA-1909-5217,구리 딸기원2지구 2단지 주택재개발정비사업,중흥S-클래스 힐더포레,APT,500세대 미만,-,-,경기도,구리시,교문동,339,-,-,-,-,-,-,-,-,대지,-,29547.44,17109.1,46656.54,15,3,6,298,12,-,1.3,-,2027-12-30,-,2027-11-14,RAPA,경기도 구리시 교문동 339,미등록,해당없음,37.59979497,127.1189646,등록,-,-,-,-,미검증
수도권,2027,m-RAPA-1712-03-02-2847,행신 2-1구역 주택재건축 정비사업,행신한신더휴,APT,500세대 미만,-,-,경기도,고양시 덕양구,행신동,173,1,-,-,-,-,-,-,-,대지,-,27704.3619,16759.5883,44463.9502,17,2,4,272,8,-,1.3,-,2027-12-30,-,2027-11-15,RAPA,경기도 고양시 덕양구 행신동 173 1,미등록,해당사항없음,37.6204766,126.8445206,등록,-,-,-,-,미검증
서부,2027,m-RAPA-2004-1807,고랑동 광신프로그레스 공동주택 신축공사,북전주 광신프로그레스,APT,500세대 미만,-,-,전북특별자치도,전주시 덕진구,고랑동,742,-,-,-,-,-,-,-,-,대지,-,42743.3294,15234.4262,57977.7556,24,1,6,384,12,-,1.3,-,2027-12-30,-,2027-11-14,RAPA,전북특별자치도 전주시 덕진구 고랑동 742,미등록,해당없음,35.87489512,127.0848734,등록,-,-,-,-,미검증
수도권,2027,m-RAPA-2308-2831,수원당수 1지구 C3블록 공동주택 신축공사,-,APT,500세대 미만,-,-,경기도,수원시 권선구,금곡동,수원당수 공공주택지구,C3,-,-,-,-,-,-,-,블록,-,49303.5325,36310.4324,85613.9649,19,2,10,452,20,-,1.3,-,2027-12-30,-,2027-11-11,RAPA,경기도 수원시 권선구 금곡동 수원당수 공공주택지구 C3,단독,해당없음,37.28062325,126.9453788,등록,-,-,-,-,미검증
동부,2027,m-RAPA-1902-0701,무거동 공동주택 신축공사,무거 비스타동원,APT,미만+다중,-,-,울산광역시,남구,무거동,822,1,-,-,-,-,-,-,-,대지,-,73623.4176,44600.5399,118223.9575,38,6,4,481,8,-,1.3,-,2027-12-30,-,2027-11-15,SKT,울산광역시 남구 무거동 822 1,단독,해당사항없음,35.54994042,129.2594716,등록,-,-,-,-,미검증
중부,2027,m-RAPA-2304-1562,아산탕정자이퍼스트시티아파트,아산탕정자이퍼스트시티아파트,APT,아파트,공동주택,건물,충청남도,아산시,탕정면,아산 센트럴시티 도시개발사업,A1,동산리,충청남도,아산시,탕정면,동산리,137,-,블록,-,88647.6148,42820.9059,131468.5207,35,2,6,799,12,-,1.3,-,2027-12-30,-,2027-11-14,SKT,충청남도 아산시 탕정면 동산리 아산 센트럴시티 도시개발사업 A1,SKT,"101,102,103,104",36.82138709,127.0900644,등록,-,-,-,-,미검증
수도권,2027,m-RAPA-2405-1502,삼척 교동2차 공동주택 신축공사,트리븐 삼척,APT,500세대 미만,-,-,강원특별자치도,삼척시,교동,99,14,-,-,-,-,-,-,-,대지,-,45561.5174,19958.0422,65519.5596,29,3,4,359,8,-,1.3,-,2027-12-30,-,2027-11-14,RAPA,강원특별자치도 삼척시 교동 99 14,단독,해당없음,37.45223867,129.1768489,등록,-,-,-,-,미검증
수도권,2027,m-RAPA-2103-1631,구리인창센트레빌인더포레아파트,구리인창센트레빌인더포레아파트,APT,아파트,공동주택,건물,경기도,구리시,인창동,515,1,-,-,-,-,-,-,-,대지,-,19352.1018,11810.8845,31162.9863,29,2,3,244,6,-,1.3,-,2027-12-30,-,2027-11-14,LGU+,경기도 구리시 인창동 515 1,단독,해당사항없음,37.60655063,127.1347744,등록,-,-,-,-,미검증
수도권,2027,m-RAPA-1908-4586,래미안송도역센트리폴3BL_아파트,래미안송도역센트리폴3BL_아파트,APT,아파트,공동주택,건물,인천광역시,연수구,옥련동,송도역세권구역,A3,-,-,-,-,-,-,-,블록,-,110771.56,47082.09,157853.65,39,2,6,1024,12,-,1.3,-,2027-12-30,-,2027-11-14,KT,인천광역시 연수구 옥련동 송도역세권구역 A3,미등록,"301,303,305",37.430359,126.651239,등록,-,-,-,-,미검증
수도권,2027,m-RAPA-2202-1046,경기도 안양시 비산동 근린생활시설,경기도 안양시 동안구 비산동 354-10 근린생활시설 신축공사 관련 공식 건물명 또는 아파트명을 특정할 수 있는 공개 정보가 확인되지 않음.,APT,일반,-,-,경기도,안양시 동안구,비산동,354,10,-,-,-,-,-,-,-,대지,-,4130.592,1579.5051,5710.0971,6,2,1,0,2,-,1.3,-,2027-12-30,-,2027-11-14,RAPA,경기도 안양시 동안구 비산동 354 10,미등록,1. 지상1층 : D.A 상부 인근,37.40224427,126.945087,등록,-,-,-,-,미검증
수도권,2027,m-RAPA-2407-1893,흑석9 재정비촉진구역 주택재개발 정비사업,-,APT,500세대 이상,-,-,서울특별시,동작구,흑석동,90,-,-,-,-,-,-,-,-,대지,-,151506.9233,130062.0198,281568.9431,25,7,20,1548,40,-,1.3,-,2027-12-29,-,2027-11-13,KT,서울특별시 동작구 흑석동 90,단독,"101,102,103,104,106,000,000,000,000,000",37.5048484,126.9623299,등록,-,-,-,-,미검증
중부,2027,m-RAPA-2202-0827,대전 중구 유천동 주상복합,유천 태영데시앙,APT,500세대 이상,-,-,대전광역시,중구,유천동,340,1,-,-,-,-,-,-,-,대지,-,74572.491,41070.787,115643.278,49,5,3,518,6,-,1.3,-,2027-12-29,-,2027-11-13,LGU+,대전광역시 중구 유천동 340 1,미등록,해당없음,36.3156182,127.3895875,등록,-,-,-,-,미검증
중부,2027,m-RAPA-2312-4183,힐스테이트도안리버파크3단지아파트,힐스테이트도안리버파크3단지아파트,APT,아파트,공동주택,건물,대전광역시,유성구,학하동,대전 도안 2-2지구 도시개발사업,SA2,-,-,-,-,-,-,-,블록,-,198689.0868,113540.2711,312229.3579,35,2,14,1639,28,-,1.3,-,2027-12-28,-,2027-11-14,LGU+,대전광역시 유성구 학하동 대전 도안 2-2지구 도시개발사업 SA2,단독,"306,307,309,312,314",36.33467305,127.3217299,등록,-,-,-,-,미검증
수도권,2027,m-RAPA-2008-4501,장한평역청년주택아파트,장한평역청년주택아파트,APT,아파트,공동주택,건물,서울특별시,성동구,용답동,231,1,-,-,-,-,-,-,-,대지,-,75627.6806,24324.6315,99952.3116,49,5,1,1461,2,-,1.3,-,2027-12-23,-,2027-11-07,-,서울특별시 성동구 용답동 231 1,단독,해당사항없음,37.56063724,127.0634777,등록,-,-,-,-,미검증
수도권,2027,m-RAPA-2310-3747,23 원주무실 A-2BL 공동주택 건설공사,원주무실 A-2블록 공공분양주택,APT,500세대 이상,-,-,강원특별자치도,원주시,무실동,원주무실 공공지원민간임대주택 공급촉진지구,A-2,-,-,-,-,-,-,-,블록,-,55441.05,31698.74,87139.79,25,2,7,560,14,-,1.3,-,2027-12-21,-,2027-11-05,KT,강원특별자치도 원주시 무실동 원주무실 공공지원민간임대주택 공급촉진지구 A-2,단독,"201,203,205",37.31043411,127.921317,등록,-,-,-,-,미검증
수도권,2027,m-RAPA-2406-1649,화천화천 공동주택 복합개발사업 설계용역,-,APT,500세대 미만,-,-,강원특별자치도,화천군,화천읍,59,6,하리,-,-,-,-,-,-,대지,-,7571.13,1381.16,8952.29,15,1,1,72,2,-,1.3,-,2027-12-20,-,2027-11-04,RAPA,강원특별자치도 화천군 화천읍 하리 59 6,KT,1. 지상1층: D.A 상부 외벽,38.1042008,127.7070866,등록,-,-,-,-,미검증
수도권,2027,m-RAPA-2110-6771,고양장항 S-1BL 공동주택 건설공사,고양장항 S-1블록 공공분양주택,APT,500세대 이상,-,-,경기도,고양시 일산동구,장항동,고양장항 공공주택지구,S-1,-,-,-,-,-,-,-,블록,-,99100.19,38772.62,137872.81,29,1,13,869,26,-,1.3,-,2027-12-17,-,2027-11-01,LGU+,경기도 고양시 일산동구 장항동 고양장항 공공주택지구 S-1,미등록,"103,105,106,109,111",37.64657497,126.7571057,등록,-,-,-,-,미검증
수도권,2027,m-RAPA-2304-1270,용인 은화삼지구 공동주택 신축공사 A2BL,용인 은화삼지구 푸르지오,APT,500세대 이상,-,-,경기도,용인시 처인구,남동,126,1,-,-,-,-,-,-,-,산,-,173708.7267,111860.8357,285569.5624,28,3,13,1804,26,-,1.3,-,2027-12-16,-,2027-10-31,SKT,경기도 용인시 처인구 남동 126 1,미등록,"20,022,003,200,420,000,000,000,000,000,000",-,-,등록,-,-,-,-,미검증
수도권,2027,m-RAPA-2110-6490,시흥거모지구 A-5BL 공동주택 건설공사,시흥거모 A-5BL 신혼희망타운,APT,500세대 미만,-,-,경기도,시흥시,계수동,시흥거모 공공주택지구,A-5,-,-,-,-,-,-,-,블록,-,36888.72,24063.14,60951.86,25,2,6,435,12,-,1.3,-,2027-12-16,-,2027-11-01,RAPA,경기도 시흥시 계수동 시흥거모 공공주택지구 A-5,미등록,해당없음,37.34908222,126.7757981,등록,-,-,-,-,미검증
수도권,2027,m-RAPA-2206-3802,노량진 KT부지 역세권 청년주택 신축공사,노량진역세권청년주택,APT,500세대 미만,-,-,서울특별시,동작구,노량진동,56,1,-,-,-,-,-,-,-,대지,-,24953.906,13216.98,38170.886,22,7,1,403,2,-,1.3,-,2027-12-14,-,2027-10-29,RAPA,서울특별시 동작구 노량진동 56 1,미등록,해당사항없음,37.5131448,126.9412346,등록,-,-,-,-,미검증
중부,2027,m-RAPA-2203-1802,충남 논산시 취암동 141일원 공동주택 신축공사,논산오거리 지역주택조합 아파트,APT,500세대 미만,-,-,충청남도,논산시,취암동,141,1,-,-,-,-,-,-,-,대지,-,52157.2332,28070.1245,80227.3577,25,3,7,429,14,-,1.3,-,2027-12-09,-,2027-10-24,RAPA,충청남도 논산시 취암동 141 1,단독,해당없음,36.194051,127.0962617,등록,-,-,-,-,미검증
수도권,2027,m-RAPA-2102-0689,제기1구역 주택재건축정비사업,경동미주아파트,APT,500세대 미만,-,-,서울특별시,동대문구,제기동,892,68,-,-,-,-,-,-,-,대지,-,28733.24,15748.88,44482.12,32,3,2,351,4,-,1.3,-,2027-12-05,-,2027-10-20,RAPA,서울특별시 동대문구 제기동 892 68,단독,해당사항없음,37.57917944,127.0355941,등록,-,-,-,-,미검증
수도권,2027,m-RAPA-2204-1942,용인 남사(아곡)지구 7BL 공동주택 신축공사,-,APT,500세대 이상,-,-,경기도,용인시 처인구,남사면,705,-,아곡리,-,-,-,-,-,-,대지,-,84388.52,49668.2,134056.72,27,2,7,660,14,-,1.3,-,2027-11-30,-,2027-10-15,LGU+,경기도 용인시 처인구 남사면 아곡리 705,미등록,"704,705,706",37.15152423,127.1716072,등록,-,-,-,-,미검증
수도권,2027,m-RAPA-2303-1186,양주시 덕계지구 공동주택 개발사업,한신공영 양주 덕계동 아파트,APT,500세대 이상,-,-,경기도,양주시,덕계동,707,1,-,-,-,-,-,-,-,대지,-,80666.1273,47904.876,128571.0033,29,4,7,724,14,-,1.3,-,2027-11-29,-,2027-10-14,SKT,경기도 양주시 덕계동 707 1,미등록,"102,103,104,106",37.81391094,127.0437686,등록,-,-,-,-,미검증
중부,2027,m-RAPA-2209-5291,충청남도 천안시 서북구 두정동 양우내안애 신축공사,천안 두정역 양우내안애 퍼스트로,APT,500세대 미만,-,-,충청남도,천안시 서북구,두정동,393,11,-,-,-,-,-,-,-,대지,-,44228.0588,23296.4764,67524.5352,28,2,6,418,12,-,1.3,-,2027-11-29,-,2027-10-15,RAPA,충청남도 천안시 서북구 두정동 393 11,미등록,해당없음,36.83773775,127.1544275,등록,-,-,-,-,미검증
수도권,2027,m-RAPA-2303-1174,평택화양서희스타힐스센트럴파크2차아파트,평택화양서희스타힐스센트럴파크2차아파트,APT,아파트,공동주택,건물,경기도,평택시,안중읍,평택 화양지구 도시개발사업,공동3,현화리,-,-,-,-,-,-,블록,-,79537.7648,40851.383,120389.1478,29,2,8,815,16,-,1.3,-,2027-11-29,-,2027-10-14,LGU+,경기도 평택시 안중읍 현화리 평택 화양지구 도시개발사업 공동3,단독,"101,104,106,107",36.986095,126.90503,등록,-,-,-,-,미검증
수도권,2027,m-RAPA-2304-1556,평택브레인시티수자인아파트,평택브레인시티수자인아파트,APT,아파트,공동주택,건물,경기도,평택시,장안동,평택 브레인시티 일반산업단지,공동8,-,-,-,-,-,-,-,블록,-,99008.6554,45788.1909,144796.8463,35,2,6,900,12,-,1.3,-,2027-11-29,-,2027-10-14,LGU+,경기도 평택시 장안동 평택 브레인시티 일반산업단지 공동8,미등록,"101,103,105",37.047327,127.095856,등록,-,-,-,-,미검증
수도권,2027,m-RAPA-2201-0300,파주운정 3 A블럭 공공지원 민간임대주택사업,파주 운정신도시 A3블록 공공지원민간임대주택,APT,500세대 이상,-,-,경기도,파주시,당하동,파주운정3 택지개발계획,A3,-,-,-,-,-,-,-,블록,-,120559.26,51158.42,171717.68,29,1,11,1222,22,-,1.3,-,2027-11-29,-,2027-10-14,KT,경기도 파주시 당하동 파주운정3 택지개발계획 A3,미등록,"301,303,305,307,310,000",37.7391879,126.7579606,등록,-,-,-,-,미검증
수도권,2027,m-RAPA-2310-3755,마곡지구 16단지 아파트 건설사업,마곡 엠밸리 16단지,APT,아파트,공동주택,건물,서울특별시,강서구,마곡동,753,-,-,-,-,-,-,-,-,대지,-,55646.32,29938.95,85585.27,15,2,6,608,12,-,1.3,-,2027-11-29,-,2027-10-14,-,서울특별시 강서구 마곡동 753,미등록,"160,116,031,604",37.57194899,126.824837,등록,-,-,-,-,미검증
수도권,2027,m-RAPA-2401-0286,검단신도시푸르지오더파크아파트,검단신도시푸르지오더파크아파트,APT,아파트,공동주택,건물,인천광역시,검단구,마전동,인천검단지구 택지개발사업,AA28,-,-,-,-,-,-,-,블록,-,107035.4803,60087.7059,167123.1862,20,5,13,919,26,-,1.3,-,2027-11-29,-,2027-10-14,KT,인천광역시 검단구 마전동 인천검단지구 택지개발사업 AA28,미등록,"700,270,057,007,700,000,000,000",37.600015,126.672565,등록,-,-,-,-,미검증
수도권,2027,m-RAPA-1902-0738,원주시 원동 다박골 주택재개발 정비사업 공동주택(2단지) 신축공사,원주 푸르지오 더센트럴,APT,500세대 미만,-,-,강원특별자치도,원주시,원동,274,40,-,-,-,-,-,-,-,대지,-,23629.6367,13847.7747,37477.4114,25,3,3,229,6,-,1.3,-,2027-11-29,-,2027-10-15,RAPA,강원특별자치도 원주시 원동 274 40,미등록,해당없음,37.34350101,127.9463628,등록,-,-,-,-,미검증
수도권,2027,m-RAPA-1902-0739,원주시 원동 다박골 주택재개발 정비사업 공동주택(1단지) 신축공사,원주 푸르지오 더 센트럴,APT,500세대 이상,-,-,강원특별자치도,원주시,원동,274,40,-,-,-,-,-,-,-,대지,-,135210.0166,72770.5917,207980.6083,29,4,15,1273,30,-,1.3,-,2027-11-29,-,2027-10-14,SKT,강원특별자치도 원주시 원동 274 40,미등록,"101,103,104,108,111,000",37.34350101,127.9463628,등록,-,-,-,-,미검증
수도권,2027,m-RAPA-1810-6059,성남시 산성구역 주택재개발 정비사업 [4BL],산성역 헤리스톤,APT,500세대 이상,-,-,경기도,성남시 수정구,산성동,1336,-,-,-,-,-,-,-,-,대지,-,174475.99,109204.5,283680.49,28,6,24,1682,48,-,1.3,-,2027-11-24,-,2027-10-10,SKT,경기도 성남시 수정구 산성동 1336,단독,"403,405,410,411,412,000,000,000,000,000",37.45436411,127.1520017,등록,-,-,-,-,미검증
수도권,2027,m-RAPA-1810-6058,성남시 산성구역 주택재개발 정비사업 [3BL],산성역 헤리스톤,APT,500세대 이상,-,-,경기도,성남시 수정구,산성동,1336,-,-,-,-,-,-,-,-,대지,-,52783.3,40337.07,93120.37,29,4,9,603,18,-,1.3,-,2027-11-24,-,2027-10-10,SKT,경기도 성남시 수정구 산성동 1336,단독,"304,306,307,308",37.45446354,127.1515434,등록,-,-,-,-,미검증
수도권,2027,m-RAPA-1810-6053,성남시 산성구역 주택재개발 정비사업 [1BL],산성역 헤리스톤,APT,500세대 미만,-,-,경기도,성남시 수정구,산성동,1336,-,-,-,-,-,-,-,-,대지,-,23950.05,20547.17,44497.22,20,5,4,421,8,-,1.3,-,2027-11-24,-,2027-10-10,RAPA,경기도 성남시 수정구 산성동 1336,단독,해당없음,37.45446354,127.1515434,등록,-,-,-,-,미검증
수도권,2027,m-RAPA-2110-6396,시흥하중 공공주택지구 A-4BL 공동주택 건설공사,시흥하중 A-4블록 신혼희망타운,APT,500세대 이상,-,-,경기도,시흥시,하중동,시흥하중 공공주택지구,A-4,-,-,-,-,-,-,-,블록,-,51314.41,32247.92,83562.33,25,2,11,584,22,-,1.3,-,2027-11-11,-,2027-09-27,LGU+,경기도 시흥시 하중동 시흥하중 공공주택지구 A-4,미등록,"101,103,105,106,109",37.39750961,126.7994155,등록,-,-,-,-,미검증
서부,2027,m-RAPA-2302-0604,광주송암공원중흥S-클래스SK뷰_아파트,광주송암공원중흥S-클래스SK뷰_아파트,APT,아파트,공동주택,건물,전남광주통합특별시,남구,송하동,177,-,-,-,-,-,-,-,-,대지,-,186501.6097,95854.1254,282355.7351,27,3,17,1577,34,-,1.3,-,2027-11-11,-,2027-09-26,-,전남광주통합특별시 남구 송하동 177,미등록,"102,104,105,109,110,000,000,000",35.10574946,126.8844474,등록,-,-,-,-,미검증
수도권,2027,m-RAPA-1901-0546,김포북변우미린파크리브아파트,김포북변우미린파크리브아파트,APT,아파트,공동주택,건물,경기도,김포시,북변동,329,2,-,-,-,-,-,-,-,대지,-,122128.94,58523.53,180652.47,29,3,13,1193,26,-,1.3,-,2027-11-11,-,2027-09-26,KT,경기도 김포시 북변동 329 2,미등록,"103,104,106,108,110,000",37.62669388,126.707143,등록,-,-,-,-,미검증
수도권,2027,m-RAPA-2207-4396,의정부 금오동 터미널부지 내 공동주택 신축공사,의정부역 트리플시티,APT,500세대 이상,-,-,경기도,의정부시,금오동,360,4,-,-,-,-,-,-,-,대지,-,86178.4229,43688.3219,129866.7448,42,5,4,656,8,-,1.3,-,2027-11-11,-,2027-08-26,LGU+,경기도 의정부시 금오동 360 4,미등록,"101,102,103,104",37.74684657,127.0570668,등록,-,-,-,-,미검증
수도권,2027,m-RAPA-2202-1044,뉴타운맨션 삼호아파트지구 재건축정비사업,뉴타운맨션·삼호아파트,APT,500세대 이상,-,-,경기도,안양시 동안구,비산동,354,10,-,-,-,-,-,-,-,대지,-,288761.13,185993.7192,474754.8492,33,3,26,2737,52,-,1.3,-,2027-11-11,-,2027-09-26,LGU+,경기도 안양시 동안구 비산동 354 10,미등록,"104,106,109,110,112,000,000,000,000,000,000",37.40180243,126.9445455,등록,-,-,-,-,미검증
동부,2027,m-RAPA-2302-0378,사하구 감천동 공동주택 신축공사,감천 경남아너스빌,APT,500세대 미만,-,-,부산광역시,사하구,감천동,582,1,-,-,-,-,-,-,-,대지,-,42309.1901,18912.209,61221.3991,20,3,6,380,12,-,1.3,-,2027-11-11,-,2027-09-27,RAPA,부산광역시 사하구 감천동 582 1,미등록,해당사항없음,35.09284858,128.9953015,등록,-,-,-,-,미검증
수도권,2027,m-RAPA-2401-0071,의왕 월암 B2블럭 공동주택 신축공사,의왕월암지구 디에트르 레이크파크,APT,500세대 이상,-,-,경기도,의왕시,월암동,의왕월암 공공주택지구,B2,-,-,-,-,-,-,-,블록,-,76761.51,44117.39,120878.9,29,2,7,703,14,-,1.3,-,2027-11-11,-,2027-08-31,SKT,경기도 의왕시 월암동 의왕월암 공공주택지구 B2,미등록,"203,206,207",37.30775909,126.9592675,등록,-,-,-,-,미검증
서부,2027,m-RAPA-2407-1997,봉선동 161번지 일원,봉선동 르오네뜨 2차,APT,500세대 미만,-,-,전남광주통합특별시,남구,봉선동,161,-,-,-,-,-,-,-,-,대지,-,8857.9199,6610.6397,15468.5596,15,2,1,56,2,-,1.3,-,2027-11-07,-,2027-09-22,RAPA,전남광주통합특별시 남구 봉선동 161,미등록,해당없음,35.12618987,126.9139939,등록,-,-,-,-,미검증
동부,2027,m-RAPA-2312-4359,부산모라 복합개발 공동주택,-,APT,500세대 미만,-,-,부산광역시,사상구,모라동,656,6,-,-,-,-,-,-,-,대지,-,7506.01,2950.26,10456.27,15,1,1,94,2,-,1.3,-,2027-10-31,-,2027-09-15,RAPA,부산광역시 사상구 모라동 656 6,미등록,1. 지상1층 : D.A 상부 인근,35.1892653,128.9855333,등록,-,-,-,-,미검증
수도권,2027,m-RAPA-2306-2163,반포디에이치클래스트아파트_2/3단지,반포디에이치클래스트아파트_2/3단지,APT,아파트,공동주택,건물,서울특별시,서초구,반포동,810,-,-,-,-,-,-,-,-,대지,-,707443.31,829664.72,1537108.03,35,5,50,5002,100,-,1.3,-,2027-10-31,-,2027-09-15,KT,서울특별시 서초구 반포동 810,미등록,"101,103,104,109,113,000,000,000,000,000,000,000,000,000,000,000,000,000,000,000,000",37.50328887,126.9874431,등록,-,-,-,-,미검증
동부,2027,m-RAPA-2107-4640,부산 장안지구 공동주택  내 B-1BL 우미린 공동주택 신축공사,부산장안지구우미린프리미어아파트,APT,아파트,공동주택,건물,부산광역시,기장군,장안읍,부산장안지구 택지개발사업,B-1,좌동리,부산광역시,기장군,장안읍,좌동리,973,-,블록,-,43104.7124,19920.797,63025.5094,24,2,4,419,8,-,1.3,-,2027-10-31,-,2027-09-15,KT,부산광역시 기장군 장안읍 좌동리 부산장안지구 택지개발사업 B-1,단독,해당사항없음,35.321858,129.239099,등록,-,-,-,-,미검증
동부,2027,m-RAPA-2210-5889,부산광역시 진구 범천동 858-53번지 주거형 오피스텔 신축공사,희망더함아파트,APT,다중,-,-,부산광역시,부산진구,범천동,858,53,-,-,-,-,-,-,-,대지,-,3894.05,208.45,4102.5,20,1,1,100,2,-,1.3,-,2027-10-30,-,2027-09-15,KT,부산광역시 부산진구 범천동 858 53,미등록,해당사항없음,35.14831152,129.060099,등록,-,-,-,-,미검증
수도권,2027,m-RAPA-2410-2982,인천검단 AA-19BL아파트,인천검단 AA-19BL아파트,APT,아파트,공동주택,건물,인천광역시,검단구,불로동,인천검단지구 택지개발사업,AA19,-,-,-,-,-,-,-,블록,-,75544.95,27517.23,103062.18,20,2,6,1323,12,-,1.3,-,2027-10-30,-,2027-09-14,LGU+,인천광역시 검단구 불로동 인천검단지구 택지개발사업 AA19,미등록,"190,219,041,906",37.6088705,126.7027419,등록,-,-,-,-,미검증
수도권,2027,m-RAPA-2302-0462,계양롯데캐슬파크시티1단지_아파트,계양롯데캐슬파크시티1단지_아파트,APT,아파트,공동주택,건물,인천광역시,계양구,효성동,효성 도시개발구역,공3,-,-,-,-,-,-,-,블록,-,240334.1034,120773.7779,361107.8813,26,2,20,1964,40,2786,1.42,-,2027-10-30,-,2027-09-14,KT,인천광역시 계양구 효성동 효성 도시개발구역 공3,미등록,"10,021,004,100,610,100,000,000,000,000,000",37.533198,126.703314,등록,상이(웹검색결과: 2027.11),동일,동일,동일,준공예정일 확인 필요
수도권,2027,m-RAPA-1905-3023,'19 인천검단지구 AA19BL 공동주택(국민/영구),-,APT,500세대 이상,-,-,인천광역시,검단구,불로동,검단지구,AA19,-,-,-,-,-,-,-,블록,-,76015.98,31409.91,107425.89,20,2,8,1322,16,-,1.3,-,2027-10-30,-,2027-09-14,SKT,인천광역시 검단구 불로동 검단지구 AA19,미등록,"190,119,041,906",37.608916,126.70273,등록,-,-,-,-,미검증
동부,2027,m-RAPA-2408-2237,영도 청학동 414-50,한라청학아파트,APT,일반,-,-,부산광역시,영도구,청학동,414,50,-,-,-,-,-,-,-,대지,-,2792.25,371.85,3164.1,4,1,9,0,18,-,1.3,-,2027-10-30,-,2027-09-15,RAPA,부산광역시 영도구 청학동 414 50,미등록,1. 지하1층 : 쓰레기집하장 인근 외벽,35.09292409,129.057924,등록,-,-,-,-,미검증
수도권,2027,m-RAPA-2305-1719,서울 중랑구 신내동 482-1 신일빌라 소규모재건축정비사업,신일빌라 소규모재건축정비사업조합,APT,500세대 미만,-,-,서울특별시,중랑구,신내동,482,1,-,-,-,-,-,-,-,대지,-,5268.81,3344.81,8613.62,15,2,1,68,2,-,1.3,-,2027-10-29,-,2027-09-13,RAPA,서울특별시 중랑구 신내동 482 1,미등록,1.지상1층: 야외커뮤니티 인근 지하층 환기부,37.60281374,127.0974466,등록,-,-,-,-,미검증
수도권,2027,m-RAPA-2110-6170,지금도농1-1구역 재개발 정비사업,다산동아파트,APT,500세대 미만,-,-,경기도,남양주시,다산동,4312,4,-,-,-,-,-,-,-,대지,-,35181.37,23406.76,58588.13,29,3,6,400,12,-,1.3,-,2027-10-28,-,2027-09-12,RAPA,경기도 남양주시 다산동 4312 4,미등록,해당사항없음,37.61011183,127.1501885,등록,-,-,-,-,미검증
수도권,2027,m-RAPA-2206-3348,수원시 장안구 정자동 주상복합 신축공사,정자동주상복합아파트,APT,다중,-,-,경기도,수원시 장안구,정자동,435,1,-,-,-,-,-,-,-,대지,-,9114.6652,5465.6262,14580.2914,25,4,1,92,2,-,1.3,-,2027-10-28,-,2027-09-13,SKT,경기도 수원시 장안구 정자동 435 1,미등록,해당없음,37.30603981,126.9921201,등록,-,-,-,-,미검증
수도권,2027,m-RAPA-2211-6191,서울시 동작구 노량진동 117-1번지외 2필지 개발사업,동작구 노량진동 117-2 역세권 청년주택,APT,500세대 미만,-,-,서울특별시,동작구,노량진동,117,1,-,-,-,-,-,-,-,대지,-,27901.18,13033.97,40935.15,23,6,1,432,2,-,1.3,-,2027-10-25,-,2027-09-10,LGU+,서울특별시 동작구 노량진동 117 1,미등록,해당사항없음,37.51362887,126.9444974,등록,-,-,-,-,미검증
중부,2027,m-RAPA-2310-3547,천안아이파크시티,천안아이파크시티,APT,아파트,공동주택,건물,충청남도,천안시 서북구,성성동,34,4,-,-,-,-,-,-,-,대지,-,138402.67,70244.12,208646.79,33,2,11,1126,22,1871,1.66,-,2027-10-23,-,2027-09-07,-,충청남도 천안시 서북구 성성동 34 4,미등록,"101,102,104,105,106,000,000,000",36.84281008,127.1417631,등록,상이(웹검색결과: 2028.08),동일,상이(웹검색결과: 34층),"상이(웹검색결과: 36.845(위도), 127.145(경도), 0.40km(오차))","준공예정일 확인 필요, 층수 확인 필요, 위경도 확인 필요"
수도권,2027,m-RAPA-2310-3536,원주무실 A-1BL 공동주택 건설공사,원주무실 A-1블록 공공임대주택,APT,500세대 이상,-,-,강원특별자치도,원주시,무실동,원주무실 공공지원민간임대주택 공급촉진지구,A-1,-,-,-,-,-,-,-,블록,-,49653.76,32033.67,81687.43,25,2,9,580,18,-,1.3,-,2027-10-20,-,2027-09-04,SKT,강원특별자치도 원주시 무실동 원주무실 공공지원민간임대주택 공급촉진지구 A-1,단독,"101,102,104,106,108",37.309801,127.9237648,등록,-,-,-,-,미검증
서부,2027,m-RAPA-2110-6621,순창 순화지구 도시개발구역 2BL 공동주택 신축공사,대상 웰라움 순창,APT,500세대 미만,-,-,전북특별자치도,순창군,순창읍,순창 순화지구 도시개발구역,공동2,순화리,전북특별자치도,순창군,순창읍,순화리,951,-,블록,-,30682.5399,8045.9363,38728.4762,18,1,5,263,10,-,1.3,-,2027-10-20,-,2027-09-04,RAPA,전북특별자치도 순창군 순창읍 순화리 순창 순화지구 도시개발구역 공동2,LGU+,해당사항없음,35.38151155,127.1374385,등록,-,-,-,-,미검증
수도권,2027,m-RAPA-1810-6057,성남시 산성구역 주택재개발 정비사업 [2BL],산성역 헤리스톤,APT,500세대 이상,-,-,경기도,성남시 수정구,산성동,1336,-,-,-,-,-,-,-,-,대지,-,62170.92,55381.14,117552.06,24,5,8,781,16,-,1.3,-,2027-10-17,-,2027-09-01,SKT,경기도 성남시 수정구 산성동 1336,단독,"202,206,207,208",37.45446354,127.1515434,등록,-,-,-,-,미검증
수도권,2027,m-RAPA-2110-6492,'21 부천대장 A-7BL 공공주택 건설공사,부천대장 A7블록 공공분양주택,APT,500세대 미만,-,-,경기도,부천시 오정구,원종동,부천대장 공공주택지구,A-7,-,-,-,-,-,-,-,블록,-,41714.54,24994.13,66708.67,15,2,12,473,24,-,1.3,-,2027-10-14,-,2027-08-30,RAPA,경기도 부천시 오정구 원종동 부천대장 공공주택지구 A-7,미등록,해당없음,37.5358988,126.7959622,등록,-,-,-,-,미검증
수도권,2027,m-RAPA-2110-6637,부천대장A6BL 공동주택 설계용역,e편한세상 대장 퍼스티움,APT,500세대 이상,-,-,경기도,부천시 오정구,오정동,부천대장 공공주택지구,A6,-,-,-,-,-,-,-,블록,-,54264.18,37692.76,91956.94,15,2,14,688,28,-,1.3,-,2027-10-14,-,2027-08-30,LGU+,경기도 부천시 오정구 오정동 부천대장 공공주택지구 A6,단독,"602,605,607,611",37.53471829,126.7906987,등록,-,-,-,-,미검증
수도권,2027,m-RAPA-2110-6635,부천대장A5BL 공동주택 설계용역,e편한세상 대장 퍼스티움,APT,500세대 이상,-,-,경기도,부천시 오정구,오정동,부천대장 공공주택지구,A5,-,-,-,-,-,-,-,블록,-,76564.29,53055.04,129619.33,15,2,22,952,44,-,1.3,-,2027-10-14,-,2027-08-30,LGU+,경기도 부천시 오정구 오정동 부천대장 공공주택지구 A5,단독,"501,503,509,512,513,000,000",37.53644483,126.7913388,등록,-,-,-,-,미검증
수도권,2027,m-RAPA-2110-6225,고양창릉 S6블록 공동주택 신축공사,고양창릉 S-6블록 공공분양주택,APT,500세대 미만,-,-,경기도,고양시 덕양구,도내동,고양창릉 공공주택지구,S6,-,-,-,-,-,-,-,블록,-,38656.57,26171.47,64828.04,15,2,10,430,20,-,1.3,-,2027-10-12,-,2027-08-27,RAPA,경기도 고양시 덕양구 도내동 고양창릉 공공주택지구 S6,미등록,해당없음,37.62018237,126.8691262,등록,-,-,-,-,미검증
중부,2027,m-RAPA-2110-6148,대전롯데캐슬더퍼스트,대전롯데캐슬더퍼스트,APT,아파트,공동주택,건물,대전광역시,동구,가오동,394,-,-,-,-,-,-,-,-,대지,-,94936.888,56427.0213,151363.9093,33,2,10,952,20,1249,1.31,-,2027-10-10,-,2027-08-25,KT,대전광역시 동구 가오동 394,미등록,"101,103,105,106,107,000,000",36.30841539,127.4494589,등록,상이(웹검색결과: 2027.11),동일,동일,"상이(웹검색결과: 36.310(위도), 127.448(경도), 0.23km(오차))","준공예정일 확인 필요, 위경도 확인 필요"
수도권,2027,m-RAPA-2203-1679,양주시 용암3지구 공동주택 신축공사,양주용암3지구 지역주택조합아파트,APT,500세대 이상,-,-,경기도,양주시,은현면,784,8,용암리,-,-,-,-,-,-,대지,-,58665.0764,32119.9209,90784.9973,27,2,7,644,14,-,1.3,-,2027-10-07,-,2027-08-22,SKT,경기도 양주시 은현면 용암리 784 8,단독,"101,103,106",37.84727785,127.0396207,등록,-,-,-,-,미검증
서부,2027,m-RAPA-2305-1793,제주시 오등봉공원 민간공원 특례사업 공동주택 1단지 신축공사,위파크 제주,APT,500세대 이상,-,-,제주특별자치도,제주시,오라이동,854,1,-,-,-,-,-,-,-,대지,-,89512.09,50498,140010.09,15,3,15,686,30,-,1.3,-,2027-10-07,-,2027-08-22,KT,제주특별자치도 제주시 오라이동 854 1,미등록,"105,107,109,113",33.47144453,126.5139451,등록,-,-,-,-,미검증
수도권,2027,m-RAPA-1909-5157,파주 문산3리지구 주택재개발정비사업 동문굿모닝힐 아파트 신축공사,문산역3차 동문 디 이스트 센트럴,APT,500세대 이상,-,-,경기도,파주시,문산읍,80,11,문산리,-,-,-,-,-,-,대지,-,85782.215,34465.634,120247.849,28,2,7,951,14,-,1.3,-,2027-10-07,-,2027-08-22,KT,경기도 파주시 문산읍 문산리 80 11,SKT,"301,303,305",37.86011659,126.7845375,등록,-,-,-,-,미검증
동부,2027,m-RAPA-2204-2378,번영로하늘채라크뷰아파트,번영로하늘채라크뷰아파트,APT,아파트,공동주택,건물,울산광역시,남구,야음동,363,1,-,-,-,-,-,-,-,대지,-,92367.3902,45308.3101,137675.7003,30,2,8,803,16,1103,1.37,-,2027-10-07,-,2027-08-22,KT,울산광역시 남구 야음동 363 1,미등록,"103,104,105,106,108",35.51839,129.335815,등록,상이(웹검색결과: 2027.11),동일,동일,동일,준공예정일 확인 필요
수도권,2027,m-RAPA-2104-2131,나리벡시티 공동주택 신축공사,의정부 롯데캐슬 나리벡시티,APT,500세대 이상,-,-,경기도,의정부시,금오동,26,19,-,-,-,-,-,-,-,산,-,89085.4358,56415.5564,145500.9922,39,4,4,671,8,-,1.3,-,2027-10-07,-,2027-08-22,SKT,경기도 의정부시 금오동 26 19,미등록,"101,103",37.75678908,127.0728027,등록,-,-,-,-,미검증
수도권,2027,m-RAPA-1911-6324,롯데캐슬시그니처중앙아파트,롯데캐슬시그니처중앙아파트,APT,아파트,공동주택,건물,경기도,안산시 단원구,고잔동,674,-,-,-,-,-,-,-,-,대지,-,102558.9168,56060.7284,158619.6452,38,2,7,1051,14,-,1.3,-,2027-10-07,-,2027-08-22,KT,경기도 안산시 단원구 고잔동 674,단독,"501,504,505",37.32177373,126.835742,등록,-,-,-,-,미검증
서부,2027,m-RAPA-2305-1794,제주시 오등봉공원 민간공원 특례사업 공동주택 2단지 신축공사,위파크 제주,APT,500세대 이상,-,-,제주특별자치도,제주시,오라이동,923,-,-,-,-,-,-,-,-,대지,-,92249.02,52870,145119.02,15,2,13,715,26,-,1.3,-,2027-10-07,-,2027-08-22,KT,제주특별자치도 제주시 오라이동 923,미등록,"204,207,210",33.47864373,126.5173961,등록,-,-,-,-,미검증
수도권,2027,m-RAPA-1902-0897,아크로리츠카운티아파트,아크로리츠카운티아파트,APT,아파트,공동주택,건물,서울특별시,서초구,방배동,1018,1,-,-,-,-,-,-,-,대지,-,76587.66,69617.08,146204.74,27,5,8,707,16,-,1.3,-,2027-10-05,-,2027-08-20,LGU+,서울특별시 서초구 방배동 1018 1,미등록,"101,103,107",37.47869905,127.0017411,등록,-,-,-,-,미검증
중부,2027,m-RAPA-2201-0290,더샵탕정인피니티시티3차아파트,더샵탕정인피니티시티3차아파트,APT,아파트,공동주택,건물,충청남도,아산시,탕정면,아산탕정2 도시개발구역,A-2,갈산리,충청남도,아산시,탕정면,갈산리,260,1,블록,-,120021.55,60478.6,180500.15,35,2,9,1167,18,-,1.3,-,2027-10-02,-,2027-08-17,SKT,충청남도 아산시 탕정면 갈산리 아산탕정2 도시개발구역 A-2,SKT,"201,202,203,204,206,000,000,000",36.79049167,127.0713403,등록,-,-,-,-,미검증
중부,2027,m-RAPA-2205-3019,충남 아산 매곡리 공공지원 민간임대주택,아산 탕정 매곡 공공지원 민간임대주택,APT,500세대 이상,-,-,충청남도,아산시,탕정면,공공지원민간임대주택 공급촉진지구,S-1,매곡리,충청남도,아산시,탕정면,매곡리,30,-,블록,-,176239.0303,90577.2959,266816.3262,29,3,15,1712,30,-,1.3,-,2027-09-30,-,2027-08-15,LGU+,충청남도 아산시 탕정면 매곡리 공공지원민간임대주택 공급촉진지구 S-1,SKT,"102,103,104,107,111,000,000",36.80989553,127.0931832,등록,-,-,-,-,미검증
수도권,2027,m-RAPA-2107-4134,공성아파트 소규모재건축사업,공성아파트,APT,500세대 미만,-,-,서울특별시,동대문구,제기동,892,65,-,-,-,-,-,-,-,대지,-,6548.0602,3595.9869,10144.0471,19,2,1,76,2,-,1.3,-,2027-09-29,-,2027-08-14,RAPA,서울특별시 동대문구 제기동 892 65,단독,1.지상1층: 팬룸#1 상부 지하층 환기부 인근,37.58096522,127.0358691,등록,-,-,-,-,미검증
수도권,2027,m-RAPA-2205-2760,더샵의정부역링크시티아파트,더샵의정부역링크시티아파트,APT,아파트,공동주택,건물,경기도,의정부시,의정부동,248,3,-,-,-,-,-,-,-,대지,-,179111.9132,72401.175,251513.0882,47,3,6,1404,12,-,1.3,-,2027-09-29,-,2027-08-14,KT,경기도 의정부시 의정부동 248 3,미등록,"102,104,105,106",37.74258981,127.0409042,등록,-,-,-,-,미검증
수도권,2027,m-RAPA-2403-0883,광명시 구름산 도시개발사업지구 A4BL 공동주택 신축공사,광명유승한내들 라포레,APT,500세대 미만,-,-,경기도,광명시,소하동,324,24,-,-,-,-,-,-,-,대지,-,49501.1863,29771.8298,79273.0161,18,2,10,444,20,-,1.3,-,2027-09-29,-,2027-08-14,RAPA,경기도 광명시 소하동 324 24,미등록,해당없음,37.4389774,126.8773805,등록,-,-,-,-,미검증
수도권,2027,m-RAPA-2201-0468,화성시 비봉지구 B-1BL 공동주택 신축공사,화성 비봉지구 B1블록 금성백조 예미지2차,APT,500세대 이상,-,-,경기도,화성시 효행구,비봉면,화성비봉 공공주택지구,B-1,삼화리,경기도,화성시 효행구,비봉면,삼화리,1833,-,블록,-,57077.7513,24212.0487,81289.8,25,1,5,530,10,-,1.3,-,2027-09-29,-,2027-08-14,KT,경기도 화성시 효행구 비봉면 삼화리 화성비봉 공공주택지구 B-1,미등록,"202,203",37.25136515,126.8650102,등록,-,-,-,-,미검증
동부,2027,m-RAPA-2109-5774,힐스테이트더샵상생공원2단지,힐스테이트더샵상생공원2단지,APT,아파트,공동주택,건물,경상북도,포항시 남구,대잠동,상생근린공원 민간공원조성 특례사업,2,-,-,-,-,-,-,-,블록,-,217401.9588,105805.4016,323207.3604,35,5,12,1668,24,2508,1.5,-,2027-09-29,-,2027-08-14,-,경상북도 포항시 남구 대잠동 상생근린공원 민간공원조성 특례사업 2,미등록,"201,203,205,206,208,000",36.01828575,129.3367332,등록,동일,동일,동일,동일,정상
서부,2027,m-RAPA-1705-06-02-41,양동지역주택조합 아파트 신축공사,양동 양우내안애 위니드,APT,500세대 미만,-,-,전남광주통합특별시,서구,양동,367,100,-,-,-,-,-,-,-,대지,-,16820.7519,6109.486,22930.2379,20,2,2,155,4,-,1.3,-,2027-09-29,-,2027-08-14,RAPA,전남광주통합특별시 서구 양동 367 100,단독,해당없음,35.15726146,126.8986364,등록,-,-,-,-,미검증
서부,2027,m-RAPA-2011-6153,익산송학 주거복지지사 복합개발사업,익산송학 행복주택,APT,500세대 미만,-,-,전북특별자치도,익산시,송학동,97,22,-,-,-,-,-,-,-,대지,-,4642.67,2494.5,7137.17,13,2,1,80,2,-,1.3,-,2027-09-29,-,2027-08-14,RAPA,전북특별자치도 익산시 송학동 97 22,단독,1. 지상1층 : D.A 상부 인근,35.93813128,126.9403526,등록,-,-,-,-,미검증
중부,2027,m-RAPA-2202-1060,대전문화 문화공원 특례사업 공동주택 신축공사,대전 문화공원 수자인,APT,500세대 이상,-,-,대전광역시,중구,문화동,47,-,-,-,-,-,-,-,-,대지,-,60562.7978,35821.0608,96383.8586,16,3,11,509,22,-,1.3,-,2027-09-29,-,2027-08-15,SKT,대전광역시 중구 문화동 47,미등록,"101,105,108,109",36.30786205,127.4110244,등록,-,-,-,-,미검증
중부,2027,m-RAPA-2011-6379,원봉공원힐데스하임,원봉공원힐데스하임,APT,아파트,공동주택,건물,충청북도,청주시 상당구,용암동,222,-,-,-,-,-,-,-,-,산,-,154828.0687,80284.0573,235112.126,29,4,17,1211,34,1819,1.5,-,2027-09-29,-,2027-08-14,SKT,충청북도 청주시 상당구 용암동 222,미등록,"102,111,113,114,117",36.60819187,127.5167751,등록,동일,동일,동일,동일,정상
수도권,2027,m-RAPA-2012-7033,경기도 수원시 권서구 평동 144-1 주상복합 신축공사,수원역푸르지오자이,APT,일반,-,-,경기도,수원시 권선구,평동,144,1,-,-,-,-,-,-,-,대지,-,16871.06,7782.49,24653.55,14,3,3,152,6,-,1.3,-,2027-09-29,-,2027-08-14,RAPA,경기도 수원시 권선구 평동 144 1,단독,해당없음,37.26211647,126.998116,등록,-,-,-,-,미검증
수도권,2027,m-RAPA-2306-2367,엘리프남위례역에듀포레아파트,엘리프남위례역에듀포레아파트,APT,아파트,공동주택,건물,경기도,성남시 수정구,복정동,성남복정1 공공주택지구,B3,-,-,-,-,-,-,-,블록,-,57988.95,28570.83,86559.78,29,5,6,510,12,-,1.3,-,2027-09-29,-,2027-08-14,LGU+,경기도 성남시 수정구 복정동 성남복정1 공공주택지구 B3,단독,"101,103,105",37.45854769,127.1424594,등록,-,-,-,-,미검증
수도권,2027,m-RAPA-2307-2474,평택 BRAIN CITY 6BL 공동주택 신축공사,평택 브레인시티 6BL 로제비앙 모아엘가,APT,500세대 이상,-,-,경기도,평택시,장안동,평택 브레인시티 일반산업단지,공동6,-,-,-,-,-,-,-,블록,-,141079.6793,64407.6123,205487.2916,35,2,10,1215,20,-,1.3,-,2027-09-29,-,2027-08-26,SKT,경기도 평택시 장안동 평택 브레인시티 일반산업단지 공동6,미등록,"601,604,608,610",37.05217378,127.0912639,등록,-,-,-,-,미검증
중부,2027,m-RAPA-2312-4405,도안푸르지오디아델29블록아파트,도안푸르지오디아델29블록아파트,APT,아파트,공동주택,건물,대전광역시,유성구,용계동,대전 도안2-5지구 도시개발구역,29,-,-,-,-,-,-,-,블록,-,106572.13,60171.18,166743.31,32,3,7,772,14,-,1.3,-,2027-09-29,-,2027-08-14,-,대전광역시 유성구 용계동 대전 도안2-5지구 도시개발구역 29,미등록,"2,901,290,329,042,900",36.32449741,127.3345862,등록,-,-,-,-,미검증
중부,2027,m-RAPA-2312-4406,도안푸르지오디아델31블록아파트,도안푸르지오디아델31블록아파트,APT,아파트,공동주택,건물,대전광역시,유성구,용계동,대전 도안2-5지구 도시개발구역,31,-,-,-,-,-,-,-,블록,-,103154.67,56243.25,159397.92,32,2,6,742,12,-,1.3,-,2027-09-29,-,2027-08-14,-,대전광역시 유성구 용계동 대전 도안2-5지구 도시개발구역 31,미등록,"310,131,023,105",36.32649361,127.3345557,등록,-,-,-,-,미검증
수도권,2027,m-RAPA-2406-1750,군포대야미대방디에트르시그니처아파트,군포대야미대방디에트르시그니처아파트,APT,아파트,공동주택,건물,경기도,군포시,둔대동,57,-,-,-,-,-,-,-,-,대지,-,70550.4632,42200.7959,112751.2591,27,3,6,640,12,-,1.3,-,2027-09-29,-,2027-08-14,LGU+,경기도 군포시 둔대동 57,미등록,"301,303,305",37.328152,126.902446,등록,-,-,-,-,미검증
중부,2027,m-RAPA-2311-4074,힐스테이트도안리버파크2단지,힐스테이트도안리버파크2단지,APT,아파트,공동주택,건물,대전광역시,유성구,학하동,대전 도안 2-2지구 도시개발사업,SA4,-,-,-,-,-,-,-,블록,-,178876.962,98337.4854,277214.4474,35,2,14,1437,28,2337,1.63,-,2027-09-27,-,2027-08-12,SKT,대전광역시 유성구 학하동 대전 도안 2-2지구 도시개발사업 SA4,단독,"201,203,205,207,209,000,000,000,000",36.32981992,127.3227364,등록,동일,동일,동일,동일,정상
수도권,2027,m-RAPA-2109-5792,의왕청계2지구 A-1BL 공동주택건설공사,의왕청계2 A1블록 신혼희망타운,APT,500세대 미만,-,-,경기도,의왕시,포일동,의왕청계2 공공주택지구,A-1,-,-,-,-,-,-,-,블록,-,40558.86,23388.16,63947.02,25,2,10,480,20,-,1.3,-,2027-09-24,-,2027-08-09,RAPA,경기도 의왕시 포일동 의왕청계2 공공주택지구 A-1,미등록,해당없음,37.39114217,126.9875782,등록,-,-,-,-,미검증
서부,2027,m-RAPA-2303-1176,광주광역시 남구 진월동 지역주택조합 공동주택 신축공사,-,APT,500세대 미만,-,-,전남광주통합특별시,남구,진월동,3,-,-,-,-,-,-,-,-,산,-,36040.8075,19490.6994,55531.5069,20,2,9,300,18,-,1.3,-,2027-09-23,-,2027-08-19,RAPA,전남광주통합특별시 남구 진월동 3,단독,해당없음,-,-,등록,-,-,-,-,미검증
동부,2027,m-RAPA-2510-2861,경산대임 A-1BL 공공주택 건설공사,경산대임 A-1BL 공공주택,APT,500세대 미만,-,-,경상북도,경산시,계양동,경산대임 공공주택지구,A-1,-,-,-,-,-,-,-,블록,-,29021.26,10054.27,39075.53,23,1,4,440,8,-,1.3,-,2027-09-23,-,2027-08-08,RAPA,경상북도 경산시 계양동 경산대임 공공주택지구 A-1,미등록,해당사항없음,35.83716157,128.7347503,등록,-,-,-,-,미검증
수도권,2027,m-RAPA-2203-1552,신길동 1300 공동주택 (정오개발(주)),신길동 1300 역세권 청년주택,APT,500세대 미만,-,-,서울특별시,영등포구,신길동,1300,-,-,-,-,-,-,-,-,대지,-,13016.57,2359.22,15375.79,21,4,1,264,2,-,1.3,-,2027-09-20,-,2027-08-05,RAPA,서울특별시 영등포구 신길동 1300,미등록,1.지상1층: 기계식 주차시설 인근 지하층 환기부,37.51233827,126.9247923,등록,-,-,-,-,미검증
수도권,2027,m-RAPA-2009-4621,인천부평 도시재생뉴딜 어울림플랫폼 복합개발사업,인천부평 도시재생뉴딜 어울림플랫폼,APT,500세대 미만,-,-,인천광역시,부평구,부평동,65,17,-,-,-,-,-,-,-,대지,-,25965.95,16755.42,42721.37,20,3,2,350,4,-,1.3,-,2027-09-15,-,2027-07-31,RAPA,인천광역시 부평구 부평동 65 17,미등록,해당사항없음,37.5029961,126.7194753,등록,-,-,-,-,미검증
동부,2027,m-RAPA-2207-4362,안동용상하늘채리버스카이아파트,안동용상하늘채리버스카이아파트,APT,아파트,공동주택,건물,경상북도,안동시,용상동,494,-,-,-,-,-,-,-,-,대지,-,62324.2328,28902.4506,91226.6834,26,2,9,547,18,-,1.3,-,2027-09-10,-,2027-07-26,LGU+,경상북도 안동시 용상동 494,단독,"101,103,105,107,109",36.54935588,128.7680542,등록,-,-,-,-,미검증
중부,2027,m-RAPA-2311-3810,둔산엘리프더센트럴아파트,둔산엘리프더센트럴아파트,APT,아파트,공동주택,건물,대전광역시,서구,괴정동,133,-,-,-,-,-,-,-,-,대지,-,107469.597,59865.3877,167334.9847,29,3,10,864,20,-,1.3,-,2027-09-09,-,2027-07-25,LGU+,대전광역시 서구 괴정동 133,단독,"102,105,106,109,110",36.33730364,127.3744397,등록,-,-,-,-,미검증
수도권,2027,m-RAPA-2111-6939,부천역곡 A2BL 공동주택 건설공사,부천역곡 A2BL 공동주택,APT,500세대 이상,-,-,경기도,부천시 원미구,역곡동,부천역곡 공공주택지구,A2,-,-,-,-,-,-,-,블록,-,119735.3,76763.62,196498.92,25,4,20,1464,40,-,1.3,-,2027-09-09,-,2027-07-26,KT,경기도 부천시 원미구 역곡동 부천역곡 공공주택지구 A2,미등록,"201,204,207,211,214,000",37.49581387,126.80708,등록,-,-,-,-,미검증
수도권,2027,m-RAPA-2303-0800,프레스티어자이아파트,프레스티어자이아파트,APT,아파트,공동주택,건물,경기도,과천시,별양동,7,-,-,-,-,-,-,-,-,대지,-,161256.1,131550.88,292806.98,35,3,11,1445,22,2460,1.7,-,2027-09-09,-,2027-07-25,LGU+,경기도 과천시 별양동 7,단독,"401,404,406,407,408,000,000",37.426436,126.99369,등록,상이(웹검색결과: 2027.10),동일,동일,동일,준공예정일 확인 필요
수도권,2027,m-RAPA-1904-2402,광명롯데캐슬시그니처아파트,광명롯데캐슬시그니처아파트,APT,아파트,공동주택,건물,경기도,광명시,광명동,275,3,-,-,-,-,-,-,-,대지,-,131936.9798,76843.3805,208780.3603,29,2,15,1498,30,0,1.3,-,2027-09-09,-,2027-07-25,KT,경기도 광명시 광명동 275 3,미등록,상세란 참조,37.47559347,126.8492733,등록,상이(웹검색결과: 2027.10),동일,동일,동일,준공예정일 확인 필요
서부,2027,m-RAPA-2104-2092,순천 용당 더숲 지역주택조합 아파트 신축공사,순천 한양립스 파크포레,APT,500세대 미만,-,-,전남광주통합특별시,순천시,용당동,288,1,-,-,-,-,-,-,-,대지,-,46805.0008,25933.0135,72738.0143,15,2,13,463,26,-,1.3,-,2027-09-09,-,2027-07-26,RAPA,전남광주통합특별시 순천시 용당동 288 1,미등록,해당없음,34.97595822,127.4980712,등록,-,-,-,-,미검증
동부,2027,m-RAPA-2303-0883,부산 에코델타시티 31블록 공동주택 건설공사,부산 에코델타시티 대방 엘리움 리버뷰,APT,500세대 미만,-,-,부산광역시,강서구,대저2동,부산 에코델타시티 친수구역,공동31,-,-,-,-,-,-,-,블록,-,68414.6999,48747.7766,117162.4765,10,2,11,470,22,-,1.3,-,2027-09-08,-,2027-07-25,RAPA,부산광역시 강서구 대저2동 부산 에코델타시티 친수구역 공동31,단독,해당사항없음,35.14054786,128.9274087,등록,-,-,-,-,미검증
동부,2027,m-RAPA-2010-5590,김해진례 C-1BL 공동주택 건설공사,-,APT,500세대 이상,-,-,경상남도,김해시,진례면,김해진례 공공지원민간임대주택 공급촉진지구,C-1,송정리,경상남도,김해시,진례면,송정리,838,-,블록,-,62669.47,35782.18,98451.65,25,2,10,726,20,-,1.3,-,2027-09-06,-,2027-07-22,LGU+,경상남도 김해시 진례면 송정리 김해진례 공공지원민간임대주택 공급촉진지구 C-1,KT,"10,011,005,100,710,000,000",35.24260525,128.7394005,등록,-,-,-,-,미검증
동부,2027,m-RAPA-2108-5323,힐스테이트더샵상생공원1단지,힐스테이트더샵상생공원1단지,APT,아파트,공동주택,건물,경상북도,포항시 남구,대잠동,양학근린공원 민간공원조성 특례사업,1,-,-,-,-,-,-,-,블록,-,142217.16,70519.55,212736.71,35,3,7,999,14,1530,1.53,-,2027-08-31,-,2027-07-16,SKT,경상북도 포항시 남구 대잠동 양학근린공원 민간공원조성 특례사업 1,미등록,"101,102,103,105,106",36.02213851,129.3339078,등록,동일,동일,동일,동일,정상
수도권,2027,m-RAPA-2307-2513,청평수자인더퍼스트아파트,청평수자인더퍼스트아파트,APT,아파트,공동주택,건물,경기도,가평군,청평면,81,18,청평리,-,-,-,-,-,-,산,-,62183.4646,24974.94,87158.4046,25,3,4,553,8,-,1.3,-,2027-08-30,-,2027-07-15,KT,경기도 가평군 청평면 청평리 81 18,KT,"102,104",37.744511,127.423082,등록,-,-,-,-,미검증
중부,2027,m-RAPA-2111-6918,충북음성대소삼정지구3BL,충북음성대소삼정지구3BL,APT,아파트,공동주택,건물,충청북도,음성군,대소면,음성 대소 삼정지구 도시개발구역,A3,삼정리,충청북도,음성군,대소면,삼정리,808,1,블록,-,57528.3539,27782.8312,85311.1851,25,2,6,510,12,-,1.3,-,2027-08-30,-,2027-07-15,-,충청북도 음성군 대소면 삼정리 음성 대소 삼정지구 도시개발구역 A3,KT,"301,305",36.95856189,127.4955072,등록,-,-,-,-,미검증
중부,2027,m-RAPA-2006-3299,문화자이SKVIEW,문화자이SKVIEW,APT,아파트,공동주택,건물,대전광역시,중구,문화동,435,42,-,-,-,-,-,-,-,대지,-,179279.2379,99746.6003,279025.8382,34,3,19,1766,38,-,1.3,-,2027-08-30,-,2027-06-30,SKT,대전광역시 중구 문화동 435 42,미등록,"101,102,106,108,110,000,000,000,000",36.31050248,127.4060243,등록,-,-,-,-,미검증
수도권,2027,m-RAPA-2410-2977,마평동 734-1 공동주택(아파트) 신축공사,-,APT,500세대 미만,-,-,경기도,용인시 처인구,마평동,734,1,-,-,-,-,-,-,-,대지,-,7485.42,1471.31,8956.73,19,2,1,68,2,-,1.3,-,2027-08-30,-,2027-07-15,RAPA,경기도 용인시 처인구 마평동 734 1,미등록,1. 지상1층 : D.A 상부 인근,37.2360294,127.210616,등록,-,-,-,-,미검증
중부,2027,m-RAPA-2111-6916,충북 음성 대소 삼정지구 A2BL 공공지원 민간임대주택 신축공사,충북음성대소삼정지구2BL,APT,아파트,공동주택,건물,충청북도,음성군,대소면,음성 대소 삼정지구 도시개발구역,A2,삼정리,충청북도,음성군,대소면,삼정리,608,5,블록,-,52459.3056,26782.8041,79242.1097,25,2,4,465,8,-,1.3,-,2027-08-30,-,2027-07-15,-,충청북도 음성군 대소면 삼정리 음성 대소 삼정지구 도시개발구역 A2,KT,해당없음,36.9615393,127.4924161,등록,-,-,-,-,미검증
중부,2027,m-SK-2608-0782,음성 석미아데나 센트럴 신축공사,음성 석미아데나 센트럴,APT,아파트,공동주택,건물,충청북도,음성군,음성읍,419,-,-,-,-,-,-,-,-,대지,-,0,0,36296.48,29,1,3,0,6,-,1.3,-,2027-08-30,-,2027-07-16,-,충청북도 음성군 음성읍 419,KT,-,-,-,등록,-,-,-,-,미검증
수도권,2027,m-RAPA-2206-3699,소사역롯데캐슬더뉴엘아파트,소사역롯데캐슬더뉴엘아파트,APT,아파트,공동주택,건물,경기도,부천시 소사구,소사본동,134,-,-,-,-,-,-,-,-,대지,-,110066.1307,56801.5686,166867.6993,35,3,6,983,12,-,1.3,-,2027-08-29,-,2027-07-14,LGU+,경기도 부천시 소사구 소사본동 134,단독,"101,103,105",37.47898267,126.8014025,등록,-,-,-,-,미검증
중부,2027,m-RAPA-2311-4076,힐스테이트도안리버파크1단지,힐스테이트도안리버파크1단지,APT,아파트,공동주택,건물,대전광역시,유성구,학하동,대전 도안 2-2지구 도시개발사업,SA5,-,-,-,-,-,-,-,블록,-,137757.0172,69806.0867,207563.1039,34,2,11,1124,22,1724,1.53,-,2027-08-27,-,2027-07-12,KT,대전광역시 유성구 학하동 대전 도안 2-2지구 도시개발사업 SA5,단독,"102,105,107,108,109,000,000",36.330729,127.324767,등록,동일,동일,동일,동일,정상
중부,2027,m-RAPA-2312-4180,대전 도안 2-2지구 도시개발사업지 내 공동주택 SA1BL 신축공사,힐스테이트 도안리버파크 2차,APT,500세대 미만,-,-,대전광역시,유성구,복용동,대전 도안 2-2지구 도시개발사업,SA1,-,-,-,-,-,-,-,블록,-,56679.2131,33639.1144,90318.3275,28,2,6,443,12,-,1.3,-,2027-08-27,-,2027-04-30,RAPA,대전광역시 유성구 복용동 대전 도안 2-2지구 도시개발사업 SA1,미등록,해당없음,36.33544305,127.3267033,등록,-,-,-,-,미검증
수도권,2027,m-RAPA-2402-0544,송도동21-30아파트신축공사,인천 송도 스카이 루리안 아파트,APT,일반,-,-,인천광역시,연수구,송도동,21,30,-,-,-,-,-,-,-,대지,-,5899.25,3425.68,9324.93,10,2,1,48,2,-,1.3,-,2027-08-26,-,2027-07-11,RAPA,인천광역시 연수구 송도동 21 30,미등록,해당없음,37.39557025,126.6459929,등록,-,-,-,-,미검증
동부,2027,m-RAPA-1909-4801,광안센텀비스타동원아파트,광안센텀비스타동원아파트,APT,아파트,공동주택,건물,부산광역시,수영구,광안동,971,-,-,-,-,-,-,-,-,대지,-,51306.0652,25272.5316,76578.5968,29,3,7,525,14,-,1.3,-,2027-08-24,-,2027-07-09,LGU+,부산광역시 수영구 광안동 971,미등록,"102,105,106",35.16769585,129.108579,등록,-,-,-,-,미검증
중부,2027,m-RAPA-2112-7957,힐스테이트천안역스카이움오피스텔,힐스테이트천안역스카이움오피스텔,APT,아파트,공동주택,건물,충청남도,천안시 서북구,성정동,209,1,-,-,-,-,-,-,-,대지,-,143367.2025,60514.2823,203881.4848,49,5,1,0,2,0,1.3,-,2027-08-23,-,2027-07-08,LGU+,충청남도 천안시 서북구 성정동 209 1,미등록,해당없음,36.80927572,127.1418962,등록,동일,상이(웹검색결과: 3동),상이(웹검색결과: 10층),동일,동수&층수 확인 필요
수도권,2027,m-RAPA-2310-3787,경기도 광주 태전2지구 B1블럭 경남아너스빌 신축공사,광주태전 경남아너스빌 리미티드,APT,아파트,공동주택,건물,경기도,광주시,장지동,695,14,-,-,-,-,-,-,-,대지,-,45894.0947,22763.2775,68657.3722,28,2,4,404,8,-,1.3,-,2027-08-22,-,2027-07-07,LGU+,경기도 광주시 장지동 695 14,미등록,해당사항없음,37.389604,127.23425,등록,-,-,-,-,미검증
수도권,2027,m-RAPA-2209-5359,북수원이목지구디에트르더리체1차아파트,북수원이목지구디에트르더리체1차아파트,APT,아파트,공동주택,건물,경기도,수원시 장안구,이목동,종전부동산 이목지구 도시개발구역,A4,-,-,-,-,-,-,-,블록,-,87503.6866,75717.6347,163221.3213,29,3,8,768,16,-,1.3,-,2027-08-17,-,2027-07-02,LGU+,경기도 수원시 장안구 이목동 종전부동산 이목지구 도시개발구역 A4,미등록,"201,202,204,206",37.306881,126.979036,등록,-,-,-,-,미검증
중부,2027,m-RAPA-1907-3796,대전르에브스위첸1단지,대전르에브스위첸1단지,APT,아파트,공동주택,건물,대전광역시,중구,대흥동,385,15,-,-,-,-,-,-,-,대지,-,38690.3751,26090.2191,64780.5942,29,3,4,440,8,631,1.43,-,2027-08-17,-,2027-07-02,-,대전광역시 중구 대흥동 385 15,단독,해당없음,36.32017015,127.4270247,등록,상이(웹검색결과: 2027.09),동일,동일,동일,준공예정일 확인 필요
중부,2027,m-RAPA-1907-3797,대전르에브스위첸2단지,대전르에브스위첸2단지,APT,아파트,공동주택,건물,대전광역시,중구,대흥동,385,15,-,-,-,-,-,-,-,대지,-,88245.2622,53115.1438,141360.406,29,2,7,838,14,0,1.3,-,2027-08-17,-,2027-07-02,-,대전광역시 중구 대흥동 385 15,단독,"203,204,205,207",36.32057171,127.428135,등록,상이(웹검색결과: 2027.09),동일,동일,동일,준공예정일 확인 필요
중부,2027,m-RAPA-1911-6347,천안신부지구(행복)공동주택 건설공사,천안신부 행복주택,APT,500세대 이상,-,-,충청남도,천안시 동남구,신부동,72,16,-,-,-,-,-,-,-,대지,-,35544.49,17637.01,53181.5,20,2,4,587,8,-,1.3,-,2027-08-17,-,2027-07-02,KT,충청남도 천안시 동남구 신부동 72 16,미등록,"102,103",36.81562207,127.1601247,등록,-,-,-,-,미검증
수도권,2027,m-RAPA-2302-0778,오산시 양산3구역 공동주택 신축공사,힐스테이트 오산더클래스,APT,500세대 이상,-,-,경기도,오산시,양산동,10,2,-,-,-,-,-,-,-,대지,-,110169.1894,58868.9077,169038.0971,23,2,12,970,24,-,1.3,-,2027-08-16,-,2027-07-01,KT,경기도 오산시 양산동 10 2,미등록,"102,106,108,112",37.19885653,127.0341127,등록,-,-,-,-,미검증
수도권,2027,m-RAPA-2409-2568,강동구 고덕 강일지구 12BL 공동주택 신축공사,고덕 대성베르힐,APT,500세대 이상,-,-,서울특별시,강동구,상일동,43,-,-,-,-,-,-,-,-,대지,-,72987.0723,40247.3908,113234.4631,15,2,13,613,26,-,1.3,-,2027-08-14,-,2027-06-29,KT,서울특별시 강동구 상일동 43,미등록,"104,105,106,107,108,000",37.55275417,127.1791307,등록,-,-,-,-,미검증
서부,2027,m-RAPA-2208-4674,전주시 덕진구 인후동2가 주상복합 건립사업,전주 인후동 마루힐 센트럴,APT,500세대 미만,-,-,전북특별자치도,전주시 덕진구,인후동2가,1560,-,-,-,-,-,-,-,-,대지,-,30368.1348,8022.1879,38390.3227,27,2,3,199,6,-,1.3,-,2027-08-12,-,2027-06-28,RAPA,전북특별자치도 전주시 덕진구 인후동2가 1560,미등록,해당없음,35.84610528,127.1484479,등록,-,-,-,-,미검증
서부,2027,m-RAPA-2105-2717,전라남도 순천시 덕암동 공동주택 신축공사,순천 덕암동 지에이그린웰 하이드원,APT,500세대 미만,-,-,전남광주통합특별시,순천시,덕암동,45,-,-,-,-,-,-,-,-,대지,-,53838.3906,33783.7845,87622.1751,20,4,8,475,16,-,1.3,-,2027-08-12,-,2027-06-27,RAPA,전남광주통합특별시 순천시 덕암동 45,미등록,해당없음,34.94470709,127.5111152,등록,-,-,-,-,미검증
중부,2027,m-SK-2608-0783,충북혁신(클러스터)아파트 건설공사 1공구,충북혁신(클러스터)아파트,APT,아파트,공동주택,건물,충청북도,음성군,맹동면,535,-,동성리,-,-,-,-,-,-,대지,-,0,0,24677.28,10,2,2,0,4,-,1.3,-,2027-08-09,-,2027-06-25,-,충청북도 음성군 맹동면 동성리 535,SKT,-,-,-,등록,-,-,-,-,미검증
수도권,2027,m-RAPA-2304-1269,용인푸르지오원클러스터1단지아파트,용인푸르지오원클러스터1단지아파트,APT,아파트,공동주택,건물,경기도,용인시 처인구,남동,126,13,-,-,-,-,-,-,-,산,-,167256.4336,110714.1572,277970.5908,28,4,14,1681,28,-,1.3,-,2027-08-07,-,2027-06-22,LGU+,경기도 용인시 처인구 남동 126 13,미등록,"10,021,004,100,510,000,000,000,000,000,000",37.221131,127.216597,등록,-,-,-,-,미검증
수도권,2027,m-RAPA-1801-03-02-412,송림6구역 도시환경정비사업 주상복합계획,리아츠 더 인천,APT,미만+다중,-,-,인천광역시,제물포구,송림동,31,3,-,-,-,-,-,-,-,대지,-,0,0,73520.088,34,4,1,378,2,-,1.3,-,2027-08-01,-,2027-06-16,SKT,인천광역시 제물포구 송림동 31 3,미등록,-,37.47814205,126.6505547,등록,-,-,-,-,미검증
수도권,2027,m-RAPA-2210-5659,이천롯데캐슬센트럴페라즈스카이,이천롯데캐슬센트럴페라즈스카이,APT,아파트,공동주택,건물,경기도,이천시,안흥동,284,2,-,-,-,-,-,-,-,대지,-,111852.081,50810.077,162662.158,49,6,1,0,2,1139,1.3,-,2027-08-01,-,2027-06-16,LGU+,경기도 이천시 안흥동 284 2,미등록,"101,102,103",37.27530167,127.4559106,등록,상이(웹검색결과: 2027.09),상이(웹검색결과: 3동),동일,동일,"준공예정일 확인 필요, 동수 확인 필요"
중부,2027,m-RAPA-2309-3155,음성 석미 아데나 신축공사,음성 석미아데나 센트럴,APT,500세대 미만,-,-,충청북도,음성군,음성읍,419,-,읍내리,-,-,-,-,-,-,대지,-,27568.53,8723.88,36292.41,29,1,3,245,6,-,1.3,-,2027-07-31,-,2027-06-15,RAPA,충청북도 음성군 음성읍 읍내리 419,KT,해당없음,36.92921759,127.6856735,등록,-,-,-,-,미검증
서부,2027,m-RAPA-2402-0423,송정 리버파크지역주택조합 아파트 신축공사,한양립스 에듀포레,APT,500세대 미만,-,-,전남광주통합특별시,광산구,하산동,269,-,-,-,-,-,-,-,-,대지,-,52760.2963,32475.449,85235.7453,25,2,10,470,20,-,1.3,-,2027-07-31,-,2027-06-15,RAPA,전남광주통합특별시 광산구 하산동 269,미등록,해당없음,35.09852158,126.7710211,등록,-,-,-,-,미검증
수도권,2027,m-RAPA-2010-5635,성남금토 공공주택지구 내 A-4BL,성남금토 A-4블록 신혼희망타운,APT,500세대 이상,-,-,경기도,성남시 수정구,금토동,성남금토 공공주택지구,A-4,-,-,-,-,-,-,-,블록,-,97060.97,58804.22,155865.19,20,3,11,1150,22,-,1.3,-,2027-07-30,-,2027-06-14,SKT,경기도 성남시 수정구 금토동 성남금토 공공주택지구 A-4,미등록,"401,403,404,406,408,000",37.40643948,127.0838391,등록,-,-,-,-,미검증
수도권,2027,m-RAPA-2411-3075,신 반포22차 재건축 현장,힐스테이트 신반포22차,APT,500세대 미만,-,-,서울특별시,서초구,잠원동,65,33,-,-,-,-,-,-,-,대지,-,22055.616,17468.342,39523.958,35,3,2,160,4,-,1.3,-,2027-07-30,-,2027-06-14,RAPA,서울특별시 서초구 잠원동 65 33,단독,해당없음,37.51166731,127.007248,등록,-,-,-,-,미검증
수도권,2027,m-RAPA-2410-2984,e편한세상대장퍼스티움아파트(A6),e편한세상대장퍼스티움아파트(A6),APT,아파트,공동주택,건물,경기도,부천시 오정구,오정동,부천대장 공공주택지구,A6,-,-,-,-,-,-,-,블록,-,55254.51,32885.95,88140.46,15,2,12,688,24,-,1.3,-,2027-07-30,-,2027-08-26,LGU+,경기도 부천시 오정구 오정동 부천대장 공공주택지구 A6,단독,"602,605,607,609,610,000",37.53476296,126.7904836,등록,-,-,-,-,미검증
수도권,2027,m-RAPA-2410-2983,e편한세상대장퍼스티움아파트(A5),e편한세상대장퍼스티움아파트(A5),APT,아파트,공동주택,건물,경기도,부천시 오정구,오정동,부천대장 공공주택지구,A5,-,-,-,-,-,-,-,블록,-,77075.6,44580.17,121655.77,15,2,15,952,30,-,1.3,-,2027-07-30,-,2027-08-29,KT,경기도 부천시 오정구 오정동 부천대장 공공주택지구 A5,단독,"502,504,506,509,510,000,000",37.53591899,126.7920417,등록,-,-,-,-,미검증
수도권,2027,m-RAPA-2407-1978,과천지식정보타운 S12BL 행복주택 건설공사,과천지식정보타운 S-12BL 행복주택,APT,아파트,공동주택,건물,경기도,과천시,갈현동,578,-,-,-,-,-,-,-,-,대지,-,66011.52,22505.59,88517.11,29,1,4,1424,8,-,1.3,-,2027-07-30,-,2027-06-14,LGU+,경기도 과천시 갈현동 578,단독,"10,241,203",37.41013,126.977567,등록,-,-,-,-,미검증
동부,2027,m-RAPA-2109-5951,경남 고성 교사리 94 아파트 신축공사,고성 이솔레나,APT,500세대 미만,-,-,경상남도,고성군,고성읍,94,-,교사리,-,-,-,-,-,-,대지,-,17982.6475,3182.7749,21165.4224,20,1,3,161,6,-,1.3,-,2027-07-30,-,2027-06-14,RAPA,경상남도 고성군 고성읍 교사리 94,SKT,1.지상1층: 지하주차장 상부 지하층 환기부(10M도로향),34.97486822,128.3125944,등록,-,-,-,-,미검증
중부,2027,m-RAPA-2207-3968,더샵오창프레스티지,더샵오창프레스티지,APT,아파트,공동주택,건물,충청북도,청주시 청원구,오창읍,814,2,양청리,-,-,-,-,-,-,대지,-,127902.333,61120.745,189023.078,49,6,6,0,12,1051,1.3,-,2027-07-29,-,2027-06-13,SKT,충청북도 청주시 청원구 오창읍 양청리 814 2,SKT,"102,103,104",36.71132051,127.4326153,등록,상이(웹검색결과: 2027.08),상이(웹검색결과: 4동),상이(웹검색결과: 48층),동일,"준공예정일 확인 필요, 동수&층수 확인 필요"
수도권,2027,m-RAPA-1901-0082,더샵분당티에르원아파트,더샵분당티에르원아파트,APT,아파트,공동주택,건물,경기도,성남시 분당구,정자동,88,-,-,-,-,-,-,-,-,대지,-,98833.74,65866.92,164700.66,28,3,12,873,24,-,1.3,-,2027-07-29,-,2027-06-13,LGU+,경기도 성남시 분당구 정자동 88,단독,"307,311",37.36759671,127.1112853,등록,-,-,-,-,미검증
중부,2027,m-RAPA-2311-3969,청주테크노폴리스 일반산업단지 [8블록] 공동주택,청주테크노폴리스 아테라,APT,500세대 이상,-,-,충청북도,청주시 흥덕구,송절동,청주테크노폴리스 일반산업단지,A8,-,-,-,-,-,-,-,블록,-,179412.8521,91785.7362,271198.5883,35,3,17,1450,34,-,1.3,-,2027-07-29,-,2027-06-13,SKT,충청북도 청주시 흥덕구 송절동 청주테크노폴리스 일반산업단지 A8,미등록,"803,805,809,810,811,000,000",36.66671857,127.4604921,등록,-,-,-,-,미검증
서부,2027,m-RAPA-2304-1244,중앙공원롯데캐슬시그니처2-2BL,중앙공원롯데캐슬시그니처2-2BL,APT,아파트,공동주택,건물,전남광주통합특별시,서구,풍암동,569,-,-,-,-,-,-,-,-,대지,-,140651.88,67933.87,208585.75,28,2,14,928,28,0,1.3,-,2027-07-25,-,2027-06-19,-,전남광주통합특별시 서구 풍암동 569,단독,"202,203,206,207,208,000,000,000",35.12531533,126.8618178,등록,상이(웹검색결과: 2027.08),동일,상이(웹검색결과: 27층),동일,"준공예정일 확인 필요, 층수 확인 필요"
서부,2027,m-RAPA-2304-1243,중앙공원롯데캐슬시그니처2-1BL,중앙공원롯데캐슬시그니처2-1BL,APT,아파트,공동주택,건물,전남광주통합특별시,서구,금호동,80,-,-,-,-,-,-,-,-,대지,-,133392.39,64842.65,198235.04,28,3,13,915,26,0,1.3,-,2027-07-25,-,2027-06-19,-,전남광주통합특별시 서구 금호동 80,미등록,"101,102,103,104,106,000,000,000",35.12709535,126.8594737,등록,상이(웹검색결과: 2027.08),동일,상이(웹검색결과: 27층),동일,"준공예정일 확인 필요, 층수 확인 필요"
서부,2027,m-RAPA-2304-1398,중앙공원롯데캐슬시그니처1BL,중앙공원롯데캐슬시그니처1BL,APT,아파트,공동주택,건물,전남광주통합특별시,서구,풍암동,560,9,-,-,-,-,-,-,-,대지,-,144363.3343,87183.0432,231546.3775,28,3,12,929,24,0,1.3,-,2027-07-24,-,2027-06-08,-,전남광주통합특별시 서구 풍암동 560 9,단독,"102,106,109,110",35.13604642,126.8687907,등록,상이(웹검색결과: 2027.08),동일,동일,동일,준공예정일 확인 필요
수도권,2027,m-RAPA-2012-6592,성수동 장미아파트 주택재건축정비사업,-,APT,500세대 미만,-,-,서울특별시,성동구,성수동1가,656,421,-,-,-,-,-,-,-,대지,-,29510.4007,19609.9944,49120.3951,20,3,3,286,6,-,1.3,-,2027-07-22,-,2027-05-06,RAPA,서울특별시 성동구 성수동1가 656 421,미등록,해당사항없음,37.54296699,127.0461343,등록,-,-,-,-,미검증
수도권,2027,m-RAPA-2209-5495,시흥롯데캐슬시그니처2블록아파트,시흥롯데캐슬시그니처2블록아파트,APT,아파트,공동주택,건물,경기도,시흥시,은행동,은행2 지구단위계획,C-2,-,-,-,-,-,-,-,블록,-,110533.0578,53452.0432,163985.101,49,3,6,903,12,-,1.3,-,2027-07-20,-,2027-06-04,KT,경기도 시흥시 은행동 은행2 지구단위계획 C-2,단독,"202,204,206",37.43245923,126.7936842,등록,-,-,-,-,미검증
수도권,2027,m-RAPA-2209-5494,시흥롯데캐슬시그니처1블록아파트,시흥롯데캐슬시그니처1블록아파트,APT,아파트,공동주택,건물,경기도,시흥시,은행동,은행2 지구단위계획,C-1,-,-,-,-,-,-,-,블록,-,149529.0216,74910.1353,224439.1569,49,3,8,1230,16,-,1.3,-,2027-07-20,-,2027-06-04,KT,경기도 시흥시 은행동 은행2 지구단위계획 C-1,단독,"101,103,105,107",37.434903,126.794841,등록,-,-,-,-,미검증
수도권,2027,m-RAPA-2202-0621,해링턴S98아파트,해링턴S98아파트,APT,아파트,공동주택,건물,서울특별시,강남구,삼성동,98,-,-,-,-,-,-,-,-,대지,-,12673.3968,15134.8253,27808.2221,10,4,3,118,6,-,1.3,-,2027-07-15,-,2027-05-30,-,서울특별시 강남구 삼성동 98,미등록,해당사항없음,37.5174861,127.063475,등록,-,-,-,-,미검증
수도권,2027,m-RAPA-2302-0463,계양롯데캐슬파크시티2단지_아파트,계양롯데캐슬파크시티2단지_아파트,APT,아파트,공동주택,건물,인천광역시,계양구,효성동,효성 도시개발구역,공4,-,-,-,-,-,-,-,블록,-,130006.4834,74558.0027,204564.4861,25,2,10,1089,20,0,1.3,-,2027-07-14,-,2027-05-29,LGU+,인천광역시 계양구 효성동 효성 도시개발구역 공4,미등록,"10,021,004,100,510,000,000",37.53029577,126.7030653,등록,상이(웹검색결과: 2027.11),동일,동일,동일,준공예정일 확인 필요
수도권,2027,m-RAPA-2110-6520,철원갈말 행복주택 건설공사,철원갈말 행복주택,APT,500세대 미만,-,-,강원특별자치도,철원군,갈말읍,641,6,신철원리,-,-,-,-,-,-,대지,-,6513.83,2325.81,8839.64,14,1,2,96,4,-,1.3,-,2027-07-14,-,2027-05-29,RAPA,강원특별자치도 철원군 갈말읍 신철원리 641 6,KT,1. 지상1층 : D.A 외벽,38.14464721,127.3117877,등록,-,-,-,-,미검증
수도권,2027,m-RAPA-2203-1644,가평 달전리 284-7 아파트,자라섬 수자인 리버페스타,APT,500세대 미만,-,-,경기도,가평군,가평읍,284,7,달전리,-,-,-,-,-,-,대지,-,44810.23,12637.81,57448.04,29,2,2,381,4,-,1.3,-,2027-07-11,-,2027-05-26,RAPA,경기도 가평군 가평읍 달전리 284 7,KT,해당사항없음,37.81288129,127.5209899,등록,-,-,-,-,미검증
중부,2027,m-RAPA-2208-4608,충북혁신 클러스터 공공주택 건설사업,충북혁신(클러스터),APT,500세대 미만,-,-,충청북도,음성군,맹동면,535,-,동성리,-,-,-,-,-,-,대지,-,15925.04,8752.24,24677.28,10,2,2,300,4,-,1.3,-,2027-07-09,-,2027-05-24,RAPA,충청북도 음성군 맹동면 동성리 535,SKT,해당없음,36.91750156,127.5468115,등록,-,-,-,-,미검증
수도권,2027,m-RAPA-2007-3684,노량진역세권청년주택아파트,노량진역세권청년주택아파트,APT,아파트,공동주택,건물,서울특별시,동작구,노량진동,13,19,-,-,-,-,-,-,-,대지,-,52356.4903,25244.0899,77600.5802,43,7,2,967,4,-,1.3,-,2027-07-09,-,2027-05-24,KT,서울특별시 동작구 노량진동 13 19,미등록,해당사항없음,37.51464032,126.9349325,등록,-,-,-,-,미검증
수도권,2027,m-RAPA-2401-0181,곤지암역제일풍경채아파트,곤지암역제일풍경채아파트,APT,아파트,공동주택,건물,경기도,광주시,곤지암읍,곤지암역세권 도시개발구역,A1,곤지암리,경기도,광주시,곤지암읍,곤지암리,636,-,블록,-,59261.9912,30056.6132,89318.6044,22,2,7,565,14,801,1.42,-,2027-07-08,-,2027-05-23,SKT,경기도 광주시 곤지암읍 곤지암리 곤지암역세권 도시개발구역 A1,SKT,"101,105,107",37.352299,127.341221,등록,상이(웹검색결과: 2027.08),동일,동일,동일,준공예정일 확인 필요
수도권,2027,m-RAPA-2203-1338,오산시 양산2구역 공동주택 신축공사,오산 롯데캐슬 위너스 포레,APT,500세대 이상,-,-,경기도,오산시,양산동,95,-,-,-,-,-,-,-,-,대지,-,178980.46,81886.32,260866.78,27,2,16,1672,32,-,1.3,-,2027-07-08,-,2027-05-23,LGU+,경기도 오산시 양산동 95,미등록,"102,104,106,108,110,000",37.19117565,127.0319637,등록,-,-,-,-,미검증
중부,2027,m-RAPA-2109-5973,한화포레나충주호암아파트,한화포레나충주호암아파트,APT,아파트,공동주택,건물,충청북도,충주시,호암동,193,2,-,-,-,-,-,-,-,대지,-,84002.047,47007.6292,131009.6762,28,2,8,847,16,0,1.3,-,2027-07-08,-,2027-05-23,LGU+,충청북도 충주시 호암동 193 2,미등록,"102,104,106,107",36.958617,127.937442,등록,상이(웹검색결과: 2027.08),동일,동일,동일,준공예정일 확인 필요
수도권,2027,m-RAPA-2201-0422,부천시 대현청실 외 2 가로주택 정비사업,대현청실 외2,APT,500세대 미만,-,-,경기도,부천시 소사구,괴안동,106,1,-,-,-,-,-,-,-,대지,-,22694.24,11793.43,34487.67,20,2,5,252,10,-,1.3,-,2027-07-05,-,2027-05-20,RAPA,경기도 부천시 소사구 괴안동 106 1,단독,해당없음,37.48113258,126.8114255,등록,-,-,-,-,미검증
서부,2027,m-RAPA-2304-1430,전라남도 영암군 삼호읍 용앙리 1665-3번지 공동주택 신축공사,영암 대불 3차 렉시안 파크타운 아파트,APT,500세대 이상,-,-,전남광주통합특별시,영암군,삼호읍,1665,3,용앙리,-,-,-,-,-,-,대지,-,61511.5846,19422.3893,80933.9739,25,2,5,507,10,-,1.3,-,2027-07-04,-,2027-05-19,KT,전남광주통합특별시 영암군 삼호읍 용앙리 1665 3,LGU+,"301,302,303,304",34.75638438,126.4589328,등록,-,-,-,-,미검증
수도권,2027,m-RAPA-2205-3045,경기도 부천시 오정동 가로주택 정비사업,부천 오정동 613 가로주택정비사업,APT,500세대 미만,-,-,경기도,부천시 오정구,오정동,613,-,-,-,-,-,-,-,-,대지,-,15324.9214,9598.3898,24923.3112,15,2,3,200,6,-,1.3,-,2027-07-04,-,2027-05-19,RAPA,경기도 부천시 오정구 오정동 613,단독,해당없음,37.5236657,126.7875582,등록,-,-,-,-,미검증
동부,2027,m-RAPA-2309-3420,대구연호 A-2BL 공동주택 건설공사,대구연호 A-2BL 아파트,APT,500세대 이상,-,-,대구광역시,수성구,이천동,대구연호 공공주택지구,A-2,-,-,-,-,-,-,-,블록,-,39695.98,18553.78,58249.76,20,2,4,622,8,-,1.3,-,2027-07-03,-,2027-05-18,KT,대구광역시 수성구 이천동 대구연호 공공주택지구 A-2,미등록,"201,202,204",35.84208953,128.665587,등록,-,-,-,-,미검증
수도권,2027,m-RAPA-2202-0772,더샵속초프라임뷰,더샵속초프라임뷰,APT,아파트,공동주택,건물,강원특별자치도,속초시,금호동,617,21,-,-,-,-,-,-,-,대지,-,119900.15,61276.54,181176.69,33,4,8,1024,16,1462,1.43,-,2027-06-30,-,2027-05-15,LGU+,강원특별자치도 속초시 금호동 617 21,단독,"104,106,107,108",38.20973979,128.5729263,등록,동일,동일,동일,동일,정상
수도권,2027,m-RAPA-2206-3717,용인둔전역에피트아파트,용인둔전역에피트아파트,APT,아파트,공동주택,건물,경기도,용인시 처인구,포곡읍,646,-,금어리,-,-,-,-,-,-,대지,-,140473.2054,71870.5462,212343.7516,29,3,13,1275,26,1732,1.36,-,2027-06-29,-,2027-05-14,-,경기도 용인시 처인구 포곡읍 금어리 646,SKT,"101,102,105,106,113",37.265854,127.231046,등록,상이(웹검색결과: 2027.07),동일,동일,동일,준공예정일 확인 필요
서부,2027,m-RAPA-2210-5806,김제 하동 아파트 신축공사,-,APT,500세대 미만,-,-,전북특별자치도,김제시,하동,37,10,-,-,-,-,-,-,-,산,-,14390.7782,3779.2406,18170.0188,19,1,2,122,4,-,1.3,-,2027-06-29,-,2027-05-14,RAPA,전북특별자치도 김제시 하동 37 10,미등록,1. 지상1층 : D.A 상부 외벽,-,-,등록,-,-,-,-,미검증
수도권,2027,m-RAPA-1706-02-02-305,흑석9 재정비촉진구역 주택재개발 정비사업,디에이치 켄트로나인,APT,500세대 이상,-,-,서울특별시,동작구,흑석동,90,-,-,-,-,-,-,-,-,대지,-,0,0,57291,25,6,21,1536,42,-,1.3,-,2027-06-29,-,2027-05-15,SKT,서울특별시 동작구 흑석동 90,단독,"101,102,104,106,108,000,000,000",-,-,등록,-,-,-,-,미검증
중부,2027,m-RAPA-1811-7115,청주 사직3구역 주택재개발정비사업(B블럭),힐스테이트어울림청주사직2단지,APT,아파트,공동주택,건물,충청북도,청주시 서원구,사직동,215,8,-,-,-,-,-,-,-,대지,-,98431.57,50311.85,148743.42,35,3,9,1023,18,-,1.3,-,2027-06-29,-,2027-03-30,SKT,충청북도 청주시 서원구 사직동 215 8,미등록,상세참조,36.63899098,127.4809964,등록,-,-,-,-,미검증
중부,2027,m-RAPA-1811-7112,청주 사직3구역 주택재개발정비사업(A블럭),힐스테이트어울림청주사직1단지,APT,아파트,공동주택,건물,충청북도,청주시 서원구,사직동,215,8,-,-,-,-,-,-,-,대지,-,141748.06,61378.13,203126.19,35,3,17,1307,34,-,1.3,-,2027-06-29,-,2027-03-30,LGU+,충청북도 청주시 서원구 사직동 215 8,미등록,상세참조,36.64135,127.481054,등록,-,-,-,-,미검증
동부,2027,m-RAPA-1803-05-02-1032,두산위브더제니스센트럴시티,두산위브더제니스센트럴시티,APT,아파트,공동주택,건물,대구광역시,북구,학정동,732,1,-,-,-,-,-,-,-,대지,-,129653.5745,60162.1589,189815.7334,29,2,14,1098,28,0,1.3,-,2027-06-29,-,2027-05-14,-,대구광역시 북구 학정동 732 1,미등록,"101,103,105,107,110,000,000",35.95424183,128.5577385,등록,동일,동일,동일,동일,정상
동부,2027,m-RAPA-2106-3943,청구매일 소규모재건축,만촌 파크드림 에디움,APT,500세대 미만,-,-,대구광역시,수성구,만촌동,862,2,-,-,-,-,-,-,-,대지,-,6036.1716,1800.4671,7836.6387,19,1,1,54,2,-,1.3,-,2027-06-29,-,2027-05-14,RAPA,대구광역시 수성구 만촌동 862 2,미등록,1. 지상1층 : D.A 상부 인근,35.85238121,128.6510438,등록,-,-,-,-,미검증
수도권,2027,m-RAPA-2008-4170,숭의역엘크루아파트&오피스텔,숭의역라온프라이빗아파트,APT,아파트,공동주택,건물,인천광역시,제물포구,신흥동3가,7,79,-,-,-,-,-,-,-,대지,-,62265.5293,31916.8485,94182.3778,41,5,4,608,8,-,1.3,-,2027-06-29,-,2027-05-14,LGU+,인천광역시 제물포구 신흥동3가 7 79,미등록,해당없음,37.463002,126.633676,등록,-,-,-,-,미검증
수도권,2027,m-RAPA-2305-1889,동두천시 송라지구 A-1BL 공동주택 신축공사,빌리브 라디체,APT,500세대 이상,-,-,경기도,동두천시,송내동,517,1,-,-,-,-,-,-,-,대지,-,99494.75,46858.78,146353.53,28,2,7,896,14,-,1.3,-,2027-06-29,-,2027-05-15,KT,경기도 동두천시 송내동 517 1,단독,"103,106,107",37.87853234,127.0547506,등록,-,-,-,-,미검증
동부,2027,m-RAPA-2311-4001,울산태화강변A-2BL 공동주택 신축공사,울산태화강변지구 A-2블록,APT,아파트,공동주택,건물,울산광역시,울주군,범서읍,울산태화강변 공공주택지구,A-2,굴화리,울산광역시,울주군,범서읍,굴화리,13,4,블록,-,37536.61,23805.47,61342.08,15,2,8,435,16,-,1.3,-,2027-06-29,-,2027-05-14,SKT,울산광역시 울주군 범서읍 굴화리 울산태화강변 공공주택지구 A-2,단독,"201,202,203,204,208",35.5596755,129.259785,등록,-,-,-,-,미검증
동부,2027,m-RAPA-2103-1408,구미대광로제비앙아파트,구미대광로제비앙아파트,APT,아파트,공동주택,건물,경상북도,구미시,산동읍,60,3,동곡리,-,-,-,-,-,-,산,-,260473.1581,147041.9008,407515.0589,26,2,31,2740,62,-,1.3,-,2027-06-27,-,2027-05-12,LGU+,경상북도 구미시 산동읍 동곡리 60 3,KT,"101,104,106,107,109,000,000,000,000,000,000,000,000,000,000",36.182579,128.443824,등록,-,-,-,-,미검증
동부,2027,m-RAPA-2107-4632,대구연호지구 A3BL 공동주택 건설사업,대구연호 A3,APT,500세대 이상,-,-,대구광역시,수성구,연호동,대구연호 공공주택지구,A3,-,-,-,-,-,-,-,블록,-,32954.04,15821.86,48775.9,20,2,6,526,12,-,1.3,-,2027-06-21,-,2027-05-06,LGU+,대구광역시 수성구 연호동 대구연호 공공주택지구 A3,미등록,"301,303,306",35.84089294,128.6740395,등록,-,-,-,-,미검증
동부,2027,m-RAPA-1903-1809,새울본부 직원사택 신축 설계용역,새울본부 직원사택,APT,500세대 미만,-,-,울산광역시,울주군,서생면,23,1,신암리,-,-,-,-,-,-,산,-,17251.2889,7957,25208.6815,4,1,12,231,24,-,1.3,-,2027-06-17,-,2027-05-02,RAPA,울산광역시 울주군 서생면 신암리 23 1,단독,"601,612",35.35206721,129.3331659,등록,-,-,-,-,미검증
수도권,2027,m-RAPA-2107-4333,시흥동 현대아파트 주택재건축 정비사업,시흥동 현대아파트,APT,500세대 미만,-,-,서울특별시,금천구,시흥동,220,2,-,-,-,-,-,-,-,대지,-,19758.8431,11816.0832,31574.9263,12,4,5,219,10,-,1.3,-,2027-06-10,-,2027-04-25,RAPA,서울특별시 금천구 시흥동 220 2,미등록,해당사항없음,37.45358327,126.9136515,등록,-,-,-,-,미검증
서부,2027,m-RAPA-2307-2472,순천그랜드파크자이,순천그랜드파크자이,APT,아파트,공동주택,건물,전남광주통합특별시,순천시,풍덕동,순천 풍덕지구 도시개발사업,01월 02일,-,-,-,-,-,-,-,블록,-,129686.8133,63877.1001,193563.9134,29,2,9,997,18,1596,1.6,-,2027-06-10,-,2027-04-25,-,전남광주통합특별시 순천시 풍덕동 순천 풍덕지구 도시개발사업 1-2,단독,"202,204,207,209",34.93592043,127.508605,등록,상이(웹검색결과: 2027.07),동일,동일,동일,준공예정일 확인 필요
동부,2027,m-RAPA-2402-0467,다운2지구우미린어반파크아파트,다운2지구우미린어반파크아파트,APT,아파트,공동주택,건물,울산광역시,중구,다운동,302,4,-,-,-,-,-,-,-,대지,-,82934.2062,42185.3512,125119.5574,25,2,11,731,22,-,1.3,-,2027-06-10,-,2027-04-25,SKT,울산광역시 중구 다운동 302 4,단독,"102,103,104,105,108,000",35.58161792,129.2678447,등록,-,-,-,-,미검증
동부,2027,m-RAPA-2412-3487,범천동854-7 주상복합 신축공사,범천동 854-7 주상복합 신축공사 관련 공식 건물명 또는 아파트명을 확인할 수 있는 자료가 없습니다.,APT,일반,-,-,부산광역시,부산진구,범천동,854,7,-,-,-,-,-,-,-,대지,-,7524.16,463.01,7987.17,13,1,1,0,2,-,1.3,-,2027-06-09,-,2027-04-24,RAPA,부산광역시 부산진구 범천동 854 7,미등록,해당사항없음,35.14762347,129.0608045,등록,-,-,-,-,미검증
중부,2027,m-RAPA-2308-2891,제천서부 공동주택 복합개발 건설공사,-,APT,500세대 미만,-,-,충청북도,제천시,서부동,431,-,-,-,-,-,-,-,-,대지,-,4099.83,1623.03,5722.86,12,1,1,42,2,-,1.3,-,2027-06-08,-,2027-04-23,RAPA,충청북도 제천시 서부동 431,미등록,1. 지상1층: 배기D.A 상부 외벽,37.13724431,128.2048432,등록,-,-,-,-,미검증
동부,2027,m-RAPA-2012-7114,창원푸르지오파크베뉴아파트,창원푸르지오파크베뉴아파트,APT,아파트,공동주택,건물,경상남도,창원시 성산구,가음동,24,1,-,-,-,-,-,-,-,대지,-,55727.8763,29540.8061,85268.6824,33,2,4,570,8,-,1.3,-,2027-06-03,-,2027-04-18,SKT,경상남도 창원시 성산구 가음동 24 1,미등록,"102,104",35.20692152,128.6961759,등록,-,-,-,-,미검증
수도권,2027,m-RAPA-2104-2288,양주덕정역에피트아파트,양주덕정역에피트아파트,APT,아파트,공동주택,건물,경기도,양주시,회정동,194,1,-,-,-,-,-,-,-,대지,-,49709.7314,21612.6105,71322.3419,39,3,4,427,8,-,1.3,-,2027-05-31,-,2027-04-15,LGU+,경기도 양주시 회정동 194 1,미등록,해당없음,37.834732,127.053775,등록,-,-,-,-,미검증
서부,2027,m-RAPA-2210-5626,LH함평기산 공동주택 건설공사,함평기산공공주택,APT,500세대 미만,-,-,전남광주통합특별시,함평군,함평읍,775,1,기각리,-,-,-,-,-,-,대지,-,3975.78,593.98,4569.76,9,1,1,60,2,-,1.3,-,2027-05-31,-,2027-04-14,RAPA,전남광주통합특별시 함평군 함평읍 기각리 775 1,LGU+,1. 지상1층 : D.A 상부 외벽,35.06674813,126.5169762,등록,-,-,-,-,미검증
수도권,2027,m-RAPA-2205-3183,서초구 서초동 1622번지 일원 가로주택정비사업,해링턴 플레이스 서초,APT,500세대 미만,-,-,서울특별시,서초구,서초동,1622,8,-,-,-,-,-,-,-,대지,-,7167.3554,5362.2575,12529.6129,7,3,3,69,6,-,1.3,-,2027-05-30,-,2027-04-14,RAPA,서울특별시 서초구 서초동 1622 8,미등록,해당없음,37.48716935,127.0160417,등록,-,-,-,-,미검증
수도권,2027,m-RAPA-2205-3099,퇴계원역1차 지역주택조합 아파트 신축공사,퇴계원역 경남아너스빌,APT,500세대 미만,-,-,경기도,남양주시,퇴계원읍,142,27,퇴계원리,-,-,-,-,-,-,대지,-,21372.7379,11423.7722,32796.5101,29,2,3,228,6,-,1.3,-,2027-05-30,-,2027-04-14,RAPA,경기도 남양주시 퇴계원읍 퇴계원리 142 27,단독,해당사항없음,37.64701811,127.1480321,등록,-,-,-,-,미검증
수도권,2027,m-RAPA-2508-2083,자양동 180-4 신축공사,자양동 180-4 신축아파트,APT,일반,-,-,서울특별시,광진구,자양동,180,4,-,-,-,-,-,-,-,대지,-,2441.67,428.7,2870.37,12,1,1,0,2,-,1.3,-,2027-05-30,-,2027-04-15,RAPA,서울특별시 광진구 자양동 180 4,미등록,1. 지상1층 : D.A 상부 인근외벽,37.5338797,127.0613405,등록,-,-,-,-,미검증
동부,2027,m-RAPA-1812-7717,e편한세상센텀하이베뉴,e편한세상센텀하이베뉴,APT,아파트,공동주택,건물,부산광역시,해운대구,재송동,1030,-,-,-,-,-,-,-,-,대지,-,82644.8345,47705.216,130350.0505,34,6,8,924,16,-,1.3,-,2027-05-30,-,2027-04-14,SKT,부산광역시 해운대구 재송동 1030,미등록,"102,104,105",35.19383578,129.1259767,등록,-,-,-,-,미검증
수도권,2027,m-RAPA-2202-0957,신화 새다움 더 클래스 공동주택 신축공사,신화 새다움 더 클래스,APT,500세대 미만,-,-,강원특별자치도,강릉시,홍제동,265,18,-,-,-,-,-,-,-,대지,-,29925.1527,20924.2506,50849.4033,26,2,5,297,10,-,1.3,-,2027-05-30,-,2027-04-15,RAPA,강원특별자치도 강릉시 홍제동 265 18,단독,해당없음,37.75252958,128.8809296,등록,-,-,-,-,미검증
수도권,2027,m-RAPA-2308-2961,양주백석모아엘가그랑데아파트,양주백석모아엘가그랑데아파트,APT,아파트,공동주택,건물,경기도,양주시,백석읍,279,1,복지리,-,-,-,-,-,-,대지,-,49379.54,107219.62,156599.16,28,2,9,929,18,1388,1.49,-,2027-05-30,-,2027-04-14,LGU+,경기도 양주시 백석읍 복지리 279 1,단독,"101,103,105,106,108",37.784715,126.986552,등록,상이(웹검색결과: 2027.10),동일,동일,동일,준공예정일 확인 필요
수도권,2027,m-RAPA-1905-2967,두산위브제니스센트럴계양아파트,두산위브제니스센트럴계양아파트,APT,아파트,공동주택,건물,인천광역시,계양구,작전동,439,7,-,-,-,-,-,-,-,대지,-,132006.0506,61196.6027,193202.6533,39,3,9,1370,18,-,1.3,-,2027-05-30,-,2027-04-14,SKT,인천광역시 계양구 작전동 439 7,미등록,"104,106,107,109",37.52893979,126.7196673,등록,-,-,-,-,미검증
수도권,2027,m-RAPA-2407-1956,원종휴먼빌클라츠아파트,원종휴먼빌클라츠아파트,APT,아파트,공동주택,건물,경기도,부천시 오정구,원종동,부천원종 공공주택지구,B1,-,-,-,-,-,-,-,블록,-,21097.9595,14101.1714,35199.1309,15,2,4,255,8,-,1.3,-,2027-05-30,-,2027-04-14,KT,경기도 부천시 오정구 원종동 부천원종 공공주택지구 B1,미등록,해당없음,37.53114539,126.8008683,등록,-,-,-,-,미검증
수도권,2027,m-RAPA-2007-3415,'20 군관사 위탁개발사업 (대방),서울대방 신혼희망타운,APT,500세대 미만,-,-,서울특별시,영등포구,신길동,1286,-,-,-,-,-,-,-,-,대지,-,27757.25,14192.52,41949.77,29,3,3,283,6,-,1.3,-,2027-05-30,-,2027-06-14,RAPA,서울특별시 영등포구 신길동 1286,미등록,해당사항없음,37.51171227,126.9241173,등록,-,-,-,-,미검증
동부,2027,m-RAPA-2107-4650,더샵당리센트리체아파트,더샵당리센트리체아파트,APT,아파트,공동주택,건물,부산광역시,사하구,당리동,54,-,-,-,-,-,-,-,-,대지,-,84915.5929,50900.2109,135815.8038,29,4,8,821,16,987,1.2,-,2027-05-29,-,2027-03-26,LGU+,부산광역시 사하구 당리동 54,단독,"102,103,105,107",35.10796641,128.9775405,등록,상이(웹검색결과: 2027.07),동일,동일,동일,준공예정일 확인 필요
수도권,2027,m-RAPA-2302-0467,힐스테이트광주곤지암역아파트,힐스테이트광주곤지암역아파트,APT,아파트,공동주택,건물,경기도,광주시,곤지암읍,16,1,신대리,-,-,-,-,-,-,대지,-,73112.3574,40038.0859,113150.4433,22,2,10,635,20,953,1.5,-,2027-05-27,-,2027-04-11,SKT,경기도 광주시 곤지암읍 신대리 16 1,SKT,"101,103,106,109",37.3546266,127.3400351,등록,동일,동일,동일,동일,정상
수도권,2027,m-RAPA-2009-4716,의왕월암A1아파트,의왕월암A1아파트,APT,아파트,공동주택,건물,경기도,의왕시,월암동,41,2,-,-,-,-,-,-,-,대지,-,55843.37,31786.46,87629.83,29,2,8,674,16,-,1.3,-,2027-05-23,-,2027-04-07,LGU+,경기도 의왕시 월암동 41 2,미등록,"101,104,105,106",37.312495,126.961617,등록,-,-,-,-,미검증
수도권,2027,m-RAPA-2206-3599,경기도 오산시 원동 760-8번지 오피스텔 신축공사,오산 원동7구역 지역주택조합 아파트,APT,일반,-,-,경기도,오산시,원동,760,8,-,-,-,-,-,-,-,대지,-,3784.215,1096.283,4880.498,13,2,1,33,2,-,1.3,-,2027-05-20,-,2027-04-05,RAPA,경기도 오산시 원동 760 8,미등록,1. 지상1층 : D.A 상부 인근,37.147176,127.0703311,등록,-,-,-,-,미검증
중부,2027,m-RAPA-1910-5654,대전성남우미린뉴시티,대전성남우미린뉴시티,APT,아파트,공동주택,건물,대전광역시,동구,성남동,1,154,-,-,-,-,-,-,-,대지,-,144848.4561,49121.6139,193970.07,34,2,9,1213,18,0,1.3,-,2027-05-19,-,2027-04-03,LGU+,대전광역시 동구 성남동 1 154,단독,"101,102,104",36.34541135,127.4371993,등록,상이(웹검색결과: 2027.06),동일,동일,동일,준공예정일 확인 필요
수도권,2027,m-RAPA-2205-2673,동탄2신도시동탄역대방엘리움더시그니처아파트+오피스텔,동탄2신도시동탄역대방엘리움더시그니처아파트+오피스텔,APT,아파트,공동주택,건물,경기도,화성시 동탄구,여울동,1099,-,-,-,-,-,-,-,-,대지,-,58963.2566,33647.174,92610.4306,29,3,6,0,12,-,1.3,-,2027-05-19,-,2027-04-03,-,경기도 화성시 동탄구 여울동 1099,미등록,해당없음,37.19233,127.090861,등록,-,-,-,-,미검증
수도권,2027,m-RAPA-2110-6146,횡성우천2 행복주택  건설공사,횡성우천2 행복주택,APT,500세대 미만,-,-,강원특별자치도,횡성군,우천면,54,2,양적리,-,-,-,-,-,-,대지,-,4642.61,931.6,5574.21,8,1,2,80,4,-,1.3,-,2027-05-17,-,2027-05-30,RAPA,강원특별자치도 횡성군 우천면 양적리 54 2,LGU+,1. 지상1층 : D.A 상부 인근외벽,37.46023117,128.0602053,등록,-,-,-,-,미검증
수도권,2027,m-RAPA-2205-3222,여주역자이헤리티지아파트,여주역자이헤리티지아파트,APT,아파트,공동주택,건물,경기도,여주시,교동,500,118,-,-,-,-,-,-,-,대지,-,82528.3569,36867.5017,119395.8586,27,2,8,771,16,-,1.3,-,2027-05-13,-,2027-03-29,SKT,경기도 여주시 교동 500 118,미등록,"102,104,106,108",37.27656743,127.6283085,등록,-,-,-,-,미검증
서부,2027,m-RAPA-2111-7256,e편한세상여수글렌츠아파트,e편한세상여수글렌츠아파트,APT,아파트,공동주택,건물,전남광주통합특별시,여수시,신기동,3,-,-,-,-,-,-,-,-,대지,-,161110.9771,69619.2117,230730.1888,28,4,15,1365,30,-,1.3,-,2027-05-13,-,2027-03-11,-,전남광주통합특별시 여수시 신기동 3,미등록,"101,102,103,104,105,000,000,000",34.7649923,127.6771988,등록,-,-,-,-,미검증
동부,2027,m-RAPA-2203-1640,부산 거제동 업무시설 신축공사,거제동 데시앙,APT,일반,-,-,부산광역시,연제구,거제동,1498,1,-,-,-,-,-,-,-,대지,-,4575.69,1989.99,6565.68,14,3,1,0,2,-,1.3,-,2027-05-11,-,2027-03-27,RAPA,부산광역시 연제구 거제동 1498 1,미등록,1.지상1층: 계단실 인근 건축물 외벽(도로향),35.19010848,129.0729139,등록,-,-,-,-,미검증
동부,2027,m-RAPA-2211-6298,부산장안지구 중흥S-클래스_아파트,부산장안지구 중흥S-클래스_아파트,APT,아파트,공동주택,건물,부산광역시,기장군,장안읍,부산장안지구 택지개발사업,B-2,좌동리,부산광역시,기장군,장안읍,좌동리,463,3,블록,-,52197.3859,31305.387,83502.7729,25,2,9,514,18,-,1.3,-,2027-05-05,-,2027-03-20,KT,부산광역시 기장군 장안읍 좌동리 부산장안지구 택지개발사업 B-2,단독,"602,603,604,607,609",35.320282,129.240062,등록,-,-,-,-,미검증
중부,2027,m-RAPA-2207-4073,행정중심복합도시 6-3 L2BL 공동주택 건설공사,행정중심복합도시 6-3 L2BL 공공주택,APT,아파트,공동주택,건물,세종특별자치시,세종,산울동,행정중심복합도시건설사업,6-3생활권 L2,-,-,-,-,-,-,-,블록,-,28049.99,13762.04,41812.03,17,1,8,500,16,-,1.3,-,2027-05-03,-,2027-03-18,LGU+,세종특별자치시 세종 산울동 행정중심복합도시건설사업 6-3생활권 L2,미등록,"201,202,203,204,206,000",36.5277369,127.2564895,등록,-,-,-,-,미검증
동부,2027,m-RAPA-2212-7048,부산광역시 연제구 거제동 714-16번지 공공지원민간임대주택 신축공사,부산 연제 거제 공공지원 민간임대주택,APT,500세대 미만,-,-,부산광역시,연제구,거제동,714,16,-,-,-,-,-,-,-,대지,-,10655.68,6116.58,16772.26,14,2,1,90,2,-,1.3,-,2027-04-30,-,2027-03-15,RAPA,부산광역시 연제구 거제동 714 16,미등록,해당사항없음,35.17870349,129.0656405,등록,-,-,-,-,미검증
수도권,2027,m-RAPA-2101-0094,동해천곡 고령자주택 건설공사,동해천곡 고령자복지주택,APT,500세대 미만,-,-,강원특별자치도,동해시,천곡동,6,-,-,-,-,-,-,-,-,산,-,21009.64,3954.3,24963.94,15,1,4,402,8,-,1.3,-,2027-04-30,-,2027-03-15,RAPA,강원특별자치도 동해시 천곡동 6,단독,1. 지상1층 : D.A 외벽,37.51426146,129.1214703,등록,-,-,-,-,미검증
중부,2027,m-RAPA-2010-5592,계룡펠리피아아파트,계룡펠리피아아파트,APT,아파트,공동주택,건물,충청남도,계룡시,엄사면,234,-,엄사리,-,-,-,-,-,-,대지,-,90399.0207,46142.3646,136541.3853,27,2,7,823,14,-,1.3,-,2027-04-29,-,2027-03-14,SKT,충청남도 계룡시 엄사면 엄사리 234,SKT,"103,105,106",36.28444937,127.2338854,등록,-,-,-,-,미검증
수도권,2027,m-RAPA-2102-0725,검단신도시AB21-2블록아파트,검단신도시AB21-2블록아파트,APT,아파트,공동주택,건물,인천광역시,검단구,불로동,인천검단지구 택지개발사업,AB21-2,-,-,-,-,-,-,-,블록,-,81559.9,42139.8,123699.7,25,2,9,918,18,-,1.3,-,2027-04-29,-,2027-03-14,LGU+,인천광역시 검단구 불로동 인천검단지구 택지개발사업 AB21-2,미등록,"101,102,106,109",37.609551,126.680451,등록,-,-,-,-,미검증
중부,2027,m-RAPA-2201-0323,천안시 성정동 공공민간임대주택 신축공사,천안시 성정동 공공지원 임대주택,APT,아파트,공동주택,건물,충청남도,천안시 서북구,성정동,1425,-,-,-,-,-,-,-,-,대지,-,27583.137,21204.955,48788.092,15,7,1,0,2,-,1.3,-,2027-04-29,-,2027-03-14,-,충청남도 천안시 서북구 성정동 1425,미등록,해당없음,36.82600537,127.1440578,등록,-,-,-,-,미검증
수도권,2027,m-RAPA-2208-4482,송도자이풍경채그라노블2단지아파트,송도자이풍경채그라노블2단지아파트,APT,아파트,공동주택,건물,인천광역시,연수구,송도동,552,-,-,-,-,-,-,-,-,대지,-,65064.718,31468.2037,96532.9217,29,1,7,548,14,-,1.3,-,2027-04-29,-,2027-03-14,KT,인천광역시 연수구 송도동 552,미등록,"1,201,120,212,031,200",37.378781,126.680844,등록,-,-,-,-,미검증
수도권,2027,m-RAPA-2208-4530,송도자이풍경채그라노블1단지아파트,송도자이풍경채그라노블1단지아파트,APT,아파트,공동주택,건물,인천광역시,연수구,송도동,551,1,-,-,-,-,-,-,-,대지,-,56494.8445,27558.4214,84053.2659,29,1,6,469,12,-,1.3,-,2027-04-29,-,2027-03-14,LGU+,인천광역시 연수구 송도동 551 1,미등록,해당없음,37.377156,126.679281,등록,-,-,-,-,미검증
수도권,2027,m-RAPA-2303-0848,이천자이더레브아파트,이천자이더레브아파트,APT,아파트,공동주택,건물,경기도,이천시,송정동,31,-,-,-,-,-,-,-,-,산,-,74275.8799,47475.0869,121750.9668,25,4,7,635,14,-,1.3,-,2027-04-29,-,2027-03-14,LGU+,경기도 이천시 송정동 31,미등록,"101,102,105,107",37.29469567,127.4370117,등록,-,-,-,-,미검증
수도권,2027,m-RAPA-2307-2735,휴먼빌일산클래스원아파트,휴먼빌일산클래스원아파트,APT,아파트,공동주택,건물,경기도,고양시 일산동구,식사동,고양 풍동2지구 3블럭 도시개발사업,공동주택2,-,-,-,-,-,-,-,블록,-,61570.704,30763.6462,92334.3502,34,2,4,529,8,0,1.3,-,2027-04-29,-,2027-03-14,LGU+,경기도 고양시 일산동구 식사동 고양 풍동2지구 3블럭 도시개발사업 공동주택2,단독,"201,202,203,204",37.66942265,126.8050163,등록,동일,동일,동일,동일,정상
수도권,2027,m-RAPA-2309-3449,고양장항아테라아파트,고양장항아테라아파트,APT,아파트,공동주택,건물,경기도,고양시 일산동구,장항동,고양장항 공공주택지구,B-3,-,-,-,-,-,-,-,블록,-,84724.3372,38037.4317,122761.7689,29,2,8,760,16,-,1.3,-,2027-04-29,-,2027-03-14,LGU+,경기도 고양시 일산동구 장항동 고양장항 공공주택지구 B-3,미등록,"301,302,304,306,308",37.647882,126.759628,등록,-,-,-,-,미검증
수도권,2027,m-KT-2511-1381,갈현동 지식정보타운 S2블록 과천디에트르퍼스티지아파트,과천 디에트르 퍼스티지,APT,아파트,공동주택,건물,경기도,과천시,갈현동,822,-,-,-,-,-,-,-,-,대지,-,0,0,0,23,0,0,740,0,-,1.3,-,2027-04-29,-,2027-03-15,SKT,경기도 과천시 갈현동 822,단독,-,-,-,등록,-,-,-,-,미검증
동부,2027,m-RAPA-2307-2632,사하구 장림동 의료시설,장림 두산위브더제니스 센트럴사하,APT,일반,-,-,부산광역시,사하구,장림동,282,-,-,-,-,-,-,-,-,대지,-,8536.49,2527.06,11063.55,10,2,1,0,2,-,1.3,-,2027-04-29,-,2027-04-29,RAPA,부산광역시 사하구 장림동 282,미등록,해당사항없음,35.07678434,128.9766641,등록,-,-,-,-,미검증
서부,2027,m-RAPA-2503-0787,전주시 덕진구 호성동 2가 공동 주택(연립 주택) 신축공사,전주에코시티더클래스,APT,500세대 미만,-,-,전북특별자치도,전주시 덕진구,호성동2가,801,31,-,-,-,-,-,-,-,대지,-,7271.0248,3872.3905,11143.4153,4,2,4,44,8,-,1.3,-,2027-04-29,-,2027-03-14,RAPA,전북특별자치도 전주시 덕진구 호성동2가 801 31,미등록,해당없음,35.87746101,127.1421582,등록,-,-,-,-,미검증
동부,2027,m-RAPA-2205-2627,김해삼계푸르지오센트럴파크,김해삼계푸르지오센트럴파크,APT,아파트,공동주택,건물,경상남도,김해시,삼계동,1027,3,-,-,-,-,-,-,-,대지,-,72429.745,35228.3436,107658.0886,28,3,6,630,12,866,1.37,-,2027-04-28,-,2027-03-13,KT,경상남도 김해시 삼계동 1027 3,미등록,"101,102,105",35.27532258,128.8615856,등록,동일,동일,동일,동일,정상
동부,2027,m-RAPA-2106-3853,부산에코델타시티디에트르그랑루체아파트,부산에코델타시티디에트르그랑루체아파트,APT,아파트,공동주택,건물,부산광역시,강서구,강동동,부산 에코델타시티 친수구역,-,-,-,-,-,-,-,-,블록,-,176462.8944,94437.6718,270900.5662,14,2,27,1470,54,2443,1.66,-,2027-04-23,-,2027-03-08,LGU+,부산광역시 강서구 강동동 부산 에코델타시티 친수구역,단독,"201,202,203,204,207,000,000,000,000,000,000,000,000,000,000,000",35.15780734,128.9173637,등록,상이(웹검색결과: 2027.05),동일,동일,동일,준공예정일 확인 필요
수도권,2027,m-RAPA-1908-4373,평택고덕 신도시 A-43블록 공동주택 건설공사,호반써밋 고덕신도시 2차,APT,500세대 이상,-,-,경기도,평택시,고덕동,고덕 국제화계획지구 및 택지개발지구,A-43,-,-,-,-,-,-,-,블록,-,85995.3852,33788.2911,119783.6763,35,1,7,766,14,-,1.3,-,2027-04-22,-,2027-03-07,LGU+,경기도 평택시 고덕동 고덕 국제화계획지구 및 택지개발지구 A-43,단독,"301,305",37.03712468,127.0307388,등록,-,-,-,-,미검증
수도권,2027,m-RAPA-2211-6215,고덕국제신도시서한이다음그레이튼아파트,고덕국제신도시서한이다음그레이튼아파트,APT,아파트,공동주택,건물,경기도,평택시,고덕동,2394,2,-,-,-,-,-,-,-,대지,-,127813.7134,62733.5044,190547.2178,25,2,11,1138,22,1595,1.4,-,2027-04-22,-,2027-03-04,LGU+,경기도 평택시 고덕동 2394 2,단독,"15,021,504,150,615,000,000",37.05739278,127.0413162,등록,상이(웹검색결과: 2027.05),동일,동일,동일,준공예정일 확인 필요
수도권,2027,m-RAPA-2308-2764,홍천 북방지구 공공임대주택,홍천 북방지구 강원형 공공임대주택,APT,500세대 미만,-,-,강원특별자치도,홍천군,북방면,27,14,하화계리,-,-,-,-,-,-,대지,-,5379.7409,1956.018,7335.7589,13,1,1,80,2,-,1.3,-,2027-04-21,-,2027-03-06,RAPA,강원특별자치도 홍천군 북방면 하화계리 27 14,LGU+,1. 지상1층: D.A 상부 외벽,37.69042718,127.8685582,등록,-,-,-,-,미검증
수도권,2027,m-RAPA-2202-0851,영종진아레히아파트,영종진아레히아파트,APT,아파트,공동주택,건물,인천광역시,영종구,운남동,1654,1,-,-,-,-,-,-,-,대지,-,61511.8698,29770.4186,91282.2884,24,1,7,547,14,821,1.5,-,2027-04-08,-,2027-02-21,KT,인천광역시 영종구 운남동 1654 1,미등록,"552,554,557",37.483948,126.528106,등록,상이(웹검색결과: 2027.05),동일,동일,동일,준공예정일 확인 필요
중부,2027,m-RAPA-1911-5808,쌍용더플래티넘네이처,쌍용더플래티넘네이처,APT,아파트,공동주택,건물,대전광역시,대덕구,읍내동,51,18,-,-,-,-,-,-,-,대지,-,68355.733,38118.5954,106474.3284,25,2,11,761,22,996,1.31,-,2027-04-08,-,2027-02-21,LGU+,대전광역시 대덕구 읍내동 51 18,미등록,"102,103,107,109,111",36.37700445,127.4252624,등록,상이(웹검색결과: 2027.05),동일,동일,동일,준공예정일 확인 필요
수도권,2027,m-RAPA-2307-2703,과천디에트르퍼스티지아파트,과천디에트르퍼스티지아파트,APT,아파트,공동주택,건물,경기도,과천시,문원동,과천지식정보타운 공공주택지구,S2,-,-,-,-,-,-,-,블록,-,62652.8764,70967.1579,133620.0343,28,3,6,740,12,-,1.3,-,2027-04-08,-,2027-02-21,-,경기도 과천시 문원동 과천지식정보타운 공공주택지구 S2,단독,"203,204,205,206",37.416389,126.98898,등록,-,-,-,-,미검증
서부,2027,m-RAPA-2301-0161,봉산공원첨단제일풍경채,봉산공원첨단제일풍경채,APT,아파트,공동주택,건물,전남광주통합특별시,광산구,산월동,22,-,-,-,-,-,-,-,-,산,-,115649.3849,60751.1341,176400.519,24,2,10,948,20,1525,1.61,-,2027-04-08,-,2027-02-21,-,전남광주통합특별시 광산구 산월동 22,미등록,"104,105,106,107",35.20367394,126.8448081,등록,상이(웹검색결과: 2027.05),동일,동일,동일,준공예정일 확인 필요
수도권,2027,m-RAPA-2012-6898,더샵분당센트로아파트,더샵분당센트로아파트,APT,아파트,공동주택,건물,경기도,성남시 분당구,구미동,220,-,-,-,-,-,-,-,-,대지,-,65031.75,46413.94,111445.69,26,3,7,647,14,-,1.3,-,2027-04-02,-,2027-02-15,LGU+,경기도 성남시 분당구 구미동 220,단독,"401,405",37.33929313,127.1169239,등록,-,-,-,-,미검증
동부,2027,m-RAPA-2106-3833,경북청도 행복주택 및 생활혁신센터 건설공사,경북청도 행복주택,APT,500세대 미만,-,-,경상북도,청도군,청도읍,498,-,고수리,-,-,-,-,-,-,대지,-,7097.34,2890.79,9988.13,11,1,1,42,2,-,1.3,-,2027-03-31,-,2027-02-13,RAPA,경상북도 청도군 청도읍 고수리 498,KT,1. 지상1층 : D.A 상부 인근,35.64543155,128.7412663,등록,-,-,-,-,미검증
수도권,2027,m-RAPA-2206-3734,서초구 양재동 1-26번지 역세권 청년주택,서초구 양재동 1-26번지 역세권 청년주택,APT,아파트,공동주택,건물,서울특별시,서초구,양재동,1,26,-,-,-,-,-,-,-,대지,-,21399.8947,11267.5018,32667.3965,22,7,1,342,2,-,1.3,-,2027-03-31,-,2027-02-13,LGU+,서울특별시 서초구 양재동 1 26,미등록,해당사항없음,37.48486513,127.0391139,등록,-,-,-,-,미검증
동부,2027,m-RAPA-2402-0382,대구국가산단 A7-1BL 행복주택 건설공사,대구국가산단A7-1BL 행복주택,APT,500세대 미만,-,-,대구광역시,달성군,구지면,대구국가산업단지,A7-1BL,대암리,대구광역시,달성군,구지면,대암리,996,-,블록,-,23850.79,8512,32362.79,20,1,3,448,6,-,1.3,-,2027-03-31,-,2027-02-13,RAPA,대구광역시 달성군 구지면 대암리 대구국가산업단지 A7-1BL,단독,해당사항없음,35.62525678,128.4029251,등록,-,-,-,-,미검증
수도권,2027,m-RAPA-2507-1826,경기도 부천시 소사구 소사본동 82-1 외 2필지 (82-2 82-15) 공동주택 신축공사,-,APT,500세대 미만,-,-,경기도,부천시 소사구,소사본동,82,1,-,-,-,-,-,-,-,대지,-,4106.26,1093.61,5199.87,12,1,1,43,2,-,1.3,-,2027-03-31,-,2027-02-13,RAPA,경기도 부천시 소사구 소사본동 82 1,단독,1. 지상1층 : D.A 상부 인근외벽,37.47929861,126.7952024,등록,-,-,-,-,미검증
서부,2027,m-RAPA-2405-1516,익산 부송4지구 A블럭 민간참여 공공주택 건설사업,익산 부송4지구 A블록 공공임대아파트,APT,아파트,공동주택,건물,전북특별자치도,익산시,부송동,293,2,-,-,-,-,-,-,-,대지,-,26230.5632,8494.4849,34725.0481,20,1,4,300,8,-,1.3,-,2027-03-30,-,2027-02-12,-,전북특별자치도 익산시 부송동 293 2,미등록,해당없음,35.96597522,126.9927771,등록,-,-,-,-,미검증
중부,2027,m-RAPA-1901-0209,힐스테이트가장더퍼스트아파트,힐스테이트가장더퍼스트아파트,APT,아파트,공동주택,건물,대전광역시,서구,가장동,38,1,-,-,-,-,-,-,-,대지,-,185016.9922,94014.0735,279031.0657,38,2,15,1779,30,-,1.3,-,2027-03-30,-,2027-02-12,SKT,대전광역시 서구 가장동 38 1,단독,"104,106,109,113,115",36.32945081,127.3850095,등록,-,-,-,-,미검증
동부,2027,m-RAPA-2106-3695,더샵시에르네,더샵시에르네,APT,아파트,공동주택,건물,울산광역시,중구,학성동,397,1,-,-,-,-,-,-,-,대지,-,88611.0899,49906.3347,138517.4246,21,3,13,788,26,1074,1.36,-,2027-03-30,-,2027-01-03,SKT,울산광역시 중구 학성동 397 1,단독,"102,104,107,109,112",35.55922338,129.3322252,등록,상이(웹검색결과: 2027.05),동일,동일,동일,준공예정일 확인 필요
동부,2027,m-RAPA-2112-8222,일광노르웨이숲오션포레,일광노르웨이숲오션포레,APT,아파트,공동주택,건물,부산광역시,기장군,일광읍,720,2,이천리,-,-,-,-,-,-,대지,-,158273.0766,81875.0655,240148.1421,29,3,11,1294,22,1962,1.52,-,2027-03-30,-,2027-02-12,KT,부산광역시 기장군 일광읍 이천리 720 2,단독,"101,102,104,106,109,000",35.27085697,129.2275989,등록,동일,동일,동일,동일,정상
수도권,2027,m-RAPA-2509-2393,화성시 향남읍 상신리 61-8번지(상신2지구) 공동주택 신축공사,화성 상신2지구 공동주택,APT,500세대 미만,-,-,경기도,화성시 만세구,향남읍,61,8,상신리,-,-,-,-,-,-,대지,-,6198.3723,2335.531,8533.9033,13,1,2,75,4,-,1.3,-,2027-03-30,-,2027-02-12,RAPA,경기도 화성시 만세구 향남읍 상신리 61 8,미등록,1. 지상1층 : D.A 상부 인근,37.11167093,126.9012782,등록,-,-,-,-,미검증
수도권,2027,m-RAPA-2105-3094,평창동 주거복합단지 신축공사,평창동 주거복합단지,APT,500세대 미만,-,-,서울특별시,종로구,평창동,113,1,-,-,-,-,-,-,-,대지,-,16009.09,10685.7,26694.79,6,2,1,201,2,-,1.3,-,2027-03-30,-,2027-02-12,RAPA,서울특별시 종로구 평창동 113 1,단독,해당없음,37.61105974,126.9770178,등록,-,-,-,-,미검증
중부,2027,m-RAPA-2004-1607,도마포레나해모로,도마포레나해모로,APT,아파트,공동주택,건물,대전광역시,서구,도마동,181,1,-,-,-,-,-,-,-,대지,-,80700.25,53159.65,133859.9,34,3,7,818,14,1144,1.4,-,2027-03-30,-,2027-01-03,LGU+,대전광역시 서구 도마동 181 1,미등록,"103,105,107",36.31133098,127.3812961,등록,동일,동일,동일,동일,정상
수도권,2027,m-LG-2604-0376,두산위브더제니스센트럴용인아파트,두산위브더제니스센트럴용인아파트,APT,아파트,공동주택,건물,경기도,용인시 처인구,삼가동,174,-,-,-,-,-,-,-,-,대지,-,0,0,77619,25,2,7,568,14,682,1.2,-,2027-03-30,-,2027-02-13,LGU+,경기도 용인시 처인구 삼가동 174,단독,-,-,-,등록,동일,동일,동일,"상이(웹검색결과: 37.242(위도), 127.166(경도))",위경도 확인 필요
동부,2027,m-RAPA-1805-04-02-2732,양정롯데캐슬프론티엘아파트,양정롯데캐슬프론티엘아파트,APT,아파트,공동주택,건물,부산광역시,부산진구,양정동,64,3,-,-,-,-,-,-,-,대지,-,0,0,135006.09,28,2,10,903,20,-,1.3,-,2027-03-30,-,2027-02-12,LGU+,부산광역시 부산진구 양정동 64 3,미등록,"102,103,105,204",35.17280242,129.0738966,등록,-,-,-,-,미검증
서부,2027,m-RAPA-2012-6980,함평군 함평읍 기각지구 1-6BL 아파트 신축공사,함평 서현 수와일 리버파크,APT,500세대 미만,-,-,전남광주통합특별시,함평군,함평읍,198,-,기각리,-,-,-,-,-,-,대지,-,18200.7846,7303.9582,25504.7428,20,2,3,160,6,-,1.3,-,2027-03-29,-,2027-02-11,RAPA,전남광주통합특별시 함평군 함평읍 기각리 198,LGU+,해당없음,35.06216661,126.5265123,등록,-,-,-,-,미검증
중부,2027,m-RAPA-2211-6460,제천 채움하우스 임대주택 건설공사,제천 채움하우스,APT,500세대 미만,-,-,충청북도,제천시,영천동,1383,2,-,-,-,-,-,-,-,대지,-,4210.18,493.71,4703.89,7,1,2,50,4,-,1.3,-,2027-03-20,-,2027-02-02,RAPA,충청북도 제천시 영천동 1383 2,미등록,1. 지상1층: D.A 상부 외벽,37.12715294,128.2085063,등록,-,-,-,-,미검증
서부,2027,m-RAPA-2207-4386,운암산공원우미린리버포레,운암산공원우미린리버포레,APT,아파트,공동주택,건물,전남광주통합특별시,북구,동림동,76,-,-,-,-,-,-,-,-,산,-,88382.72,50827.86,139210.58,29,4,6,734,12,1052,1.43,-,2027-03-14,-,2027-01-27,-,전남광주통합특별시 북구 동림동 76,단독,"103,105",35.18102744,126.8635366,등록,상이(웹검색결과: 2027.06),동일,동일,동일,준공예정일 확인 필요
수도권,2027,m-RAPA-2204-1897,춘천아테라에듀파크,춘천아테라에듀파크,APT,아파트,공동주택,건물,강원특별자치도,춘천시,동면,770,6,만천리,-,-,-,-,-,-,대지,-,54517.9591,28364.2876,82882.2467,29,2,4,477,8,746,1.56,-,2027-03-14,-,2027-01-27,LGU+,강원특별자치도 춘천시 동면 만천리 770 6,LGU+,해당없음,37.88541777,127.7576643,등록,상이(웹검색결과: 2027.06),동일,동일,동일,준공예정일 확인 필요
수도권,2027,m-RAPA-2109-5838,양평하늘채센트로힐스아파트,양평하늘채센트로힐스아파트,APT,아파트,공동주택,건물,경기도,양평군,양평읍,661,7,덕평리,-,-,-,-,-,-,대지,-,51483.0924,30580.9515,82064.0439,22,4,7,539,14,-,1.3,-,2027-03-14,-,2027-01-27,KT,경기도 양평군 양평읍 덕평리 661 7,KT,"102,105,107",37.50070058,127.4810555,등록,-,-,-,-,미검증
수도권,2027,m-RAPA-2211-6571,제일풍경채운정아파트,제일풍경채운정아파트,APT,아파트,공동주택,건물,경기도,파주시,동패동,2276,-,-,-,-,-,-,-,-,대지,-,64020.7,21311.63,85332.33,28,1,11,520,22,750,1.44,-,2027-03-11,-,2027-01-24,LGU+,경기도 파주시 동패동 2276,미등록,"803,806,808,810,811",37.72196,126.730494,등록,상이(웹검색결과: 2027.04),동일,동일,동일,준공예정일 확인 필요
서부,2027,m-RAPA-2304-1421,제주중부공원제일풍경채센트럴파크,제주중부공원제일풍경채센트럴파크,APT,아파트,공동주택,건물,제주특별자치도,제주시,건입동,167,-,-,-,-,-,-,-,-,대지,-,89755.9714,64877.8486,154633.82,15,4,12,728,24,1336,1.84,-,2027-03-11,-,2027-01-03,-,제주특별자치도 제주시 건입동 167,단독,"103,108,109",33.507773,126.548273,등록,상이(웹검색결과: 2027.04),동일,동일,동일,준공예정일 확인 필요
수도권,2027,m-RAPA-2208-4590,남양주왕숙 B2BL 공동주택 건설공사,남양주왕숙 B-2BL 공동주택,APT,500세대 이상,-,-,경기도,남양주시,진접읍,남양주왕숙 공공주택지구,B2,연평리,경기도,남양주시,진접읍,연평리,532,-,블록,-,64469.83,31841.53,96311.36,25,2,10,587,20,-,1.3,-,2027-03-11,-,2027-01-25,KT,경기도 남양주시 진접읍 연평리 남양주왕숙 공공주택지구 B2,단독,"201,203,205,207,209",37.68487466,127.1716445,등록,-,-,-,-,미검증
서부,2027,m-RAPA-2404-0904,군산시 조촌동 770번지 일원 공동주택 신축공사,-,APT,아파트,공동주택,건물,전북특별자치도,군산시,조촌동,770,-,-,-,-,-,-,-,-,대지,-,32667.3837,804.8814,33472.2651,32,1,2,176,4,-,1.3,-,2027-03-09,-,2027-05-28,-,전북특별자치도 군산시 조촌동 770,단독,해당없음,35.96364872,126.7376922,등록,-,-,-,-,미검증
수도권,2027,m-RAPA-2302-0494,대명아파트 가로주택정비사업,-,APT,아파트,공동주택,건물,서울특별시,강동구,암사동,447,8,-,-,-,-,-,-,-,대지,-,8069.58,5284.09,13353.67,18,2,1,94,2,-,1.3,-,2027-03-06,-,2027-01-06,LGU+,서울특별시 강동구 암사동 447 8,미등록,1.지상1층: 지하주차장 환기부 인근 건축물 외벽(도로향),37.55525839,127.1357616,등록,-,-,-,-,미검증
수도권,2027,m-RAPA-2110-6180,경기도 의정부시 녹양동 일원 의정부우정 공공주택지구 A2BL,의정부우정A2블록,APT,500세대 미만,-,-,경기도,의정부시,녹양동,의정부우정 공공주택지구,A2,-,-,-,-,-,-,-,블록,-,39222.74,23206.04,62428.78,20,2,6,463,12,-,1.3,-,2027-02-28,-,2027-01-13,RAPA,경기도 의정부시 녹양동 의정부우정 공공주택지구 A2,단독,해당사항없음,37.76196526,127.0319807,등록,-,-,-,-,미검증
서부,2027,m-RAPA-2006-2744,나주영산윤슬의아침더정원아파트,나주영산윤슬의아침더정원아파트,APT,아파트,공동주택,건물,전남광주통합특별시,나주시,이창동,714,-,-,-,-,-,-,-,-,대지,-,34821.5343,13805.6065,48627.1408,20,2,4,302,8,-,1.3,-,2027-02-28,-,2027-01-13,-,전남광주통합특별시 나주시 이창동 714,단독,해당없음,34.99507747,126.7033603,등록,-,-,-,-,미검증
수도권,2027,m-SK-2605-0549,창경궁롯데캐슬시그니처,-,APT,아파트(인빌딩),공동주택,건물,서울특별시,성북구,삼선동2가,296,-,-,-,-,-,-,-,-,대지,-,0,0,10000,18,4,19,1223,38,1479,1.21,-,2027-02-27,-,2027-01-13,-,서울특별시 성북구 삼선동2가 296,미등록,-,-,-,등록,상이(웹검색결과: 2027.04),동일,동일,"상이(웹검색결과: 37.584(위도), 127.011(경도))","준공예정일 확인 필요, 위경도 확인 필요"
수도권,2027,m-KT-2606-0624,푸르지오라디우스파크아파트,푸르지오라디우스파크아파트,APT,아파트(인빌딩),공동주택,건물,서울특별시,성북구,장위동,25,55,-,-,-,-,-,-,-,대지,-,0,0,10000,33,3,15,1637,30,-,1.3,-,2027-02-27,-,2027-01-13,KT,서울특별시 성북구 장위동 25 55,미등록,-,-,-,등록,-,-,-,-,미검증
수도권,2027,m-KT-2605-0576,성동자이리버뷰아파트,성동자이리버뷰아파트,APT,아파트(인빌딩),공동주택,건물,서울특별시,성동구,용답동,108,1,-,-,-,-,-,-,-,대지,-,155579,80481,236060,35,2,14,1670,28,2198,1.32,-,2027-02-27,-,2027-01-13,KT,서울특별시 성동구 용답동 108 1,단독,-,-,-,등록,동일,동일,동일,"상이(웹검색결과: 37.567(위도), 127.050(경도))",위경도 확인 필요
수도권,2027,m-RAPA-2307-2403,영통자이센트럴파크아파트,영통자이센트럴파크아파트,APT,아파트,공동주택,건물,경기도,수원시 영통구,영통동,961,11,-,-,-,-,-,-,-,대지,-,64531.3579,33418.1549,97949.5128,29,2,7,580,14,-,1.3,-,2027-02-27,-,2027-01-12,SKT,경기도 수원시 영통구 영통동 961 11,미등록,"102,105,107",37.254307,127.068014,등록,-,-,-,-,미검증
수도권,2027,m-RAPA-2304-1364,안성당왕경남아너스빌하이스트_아파트,안성당왕경남아너스빌하이스트_아파트,APT,아파트,공동주택,건물,경기도,안성시,신소현동,안성(당왕지구) 도시관리계획,1,-,-,-,-,-,-,-,블록,-,109292.5405,53977.5405,163270.081,29,2,12,976,24,0,1.3,-,2027-02-27,-,2027-01-14,LGU+,경기도 안성시 신소현동 안성(당왕지구) 도시관리계획 1,미등록,"104,106,108,110,112",37.020481,127.257844,등록,상이(웹검색결과: 2027.03),동일,동일,동일,준공예정일 확인 필요
수도권,2027,m-RAPA-2209-5389,수원 팔달구 인계동 공공지원임대주택 신축공사,수원 인계동 공공지원 임대주택,APT,아파트,공동주택,건물,경기도,수원시 팔달구,인계동,754,1,-,-,-,-,-,-,-,대지,-,24248.09,14232.22,38480.31,15,3,3,216,6,-,1.3,-,2027-02-27,-,2027-01-12,LGU+,경기도 수원시 팔달구 인계동 754 1,단독,해당없음,37.27443328,127.021141,등록,-,-,-,-,미검증
중부,2027,m-RAPA-2202-0637,부여쌍북골드클래스,부여쌍북골드클래스,APT,아파트,공동주택,건물,충청남도,부여군,부여읍,595,-,쌍북리,-,-,-,-,-,-,대지,-,44164.6962,25520.3002,69684.9964,8,1,11,413,22,-,1.3,-,2027-02-27,-,2027-01-12,SKT,충청남도 부여군 부여읍 쌍북리 595,SKT,해당사항없음,36.28221113,126.9193897,등록,-,-,-,-,미검증
수도권,2027,m-RAPA-1812-7635,르엘이촌아파트,르엘이촌아파트,APT,아파트,공동주택,건물,서울특별시,용산구,이촌동,301,160,-,-,-,-,-,-,-,대지,-,115075.54,63134.52,178210.06,27,3,11,750,22,-,1.3,-,2027-02-27,-,2027-01-12,LGU+,서울특별시 용산구 이촌동 301 160,미등록,"31,32,34",37.518592,126.9808379,등록,-,-,-,-,미검증
수도권,2027,m-RAPA-2201-0482,힐스테이트더웨이브시티아파트,힐스테이트더웨이브시티아파트,APT,아파트,공동주택,건물,경기도,시흥시,정왕동,2716,-,-,-,-,-,-,-,-,대지,-,225010.67,139445.11,364455.78,35,3,12,851,24,-,1.3,-,2027-02-25,-,2027-01-11,LGU+,경기도 시흥시 정왕동 2716,미등록,"101,102,105,106,107,000,000",37.321981,126.685644,등록,-,-,-,-,미검증
서부,2027,m-RAPA-2301-0126,수송동 757-1번지 일원 공동주택 신축공사,수송동 아르티엠,APT,500세대 미만,-,-,전북특별자치도,군산시,수송동,757,1,-,-,-,-,-,-,-,대지,-,4290.8082,1153.208,5444.0162,15,1,2,40,4,-,1.3,-,2027-02-24,-,2027-01-09,RAPA,전북특별자치도 군산시 수송동 757 1,단독,1. 지상1층 : 지하주차장 D.A 인근 외벽,35.96959202,126.7113548,등록,-,-,-,-,미검증
수도권,2027,m-RAPA-2304-1530,제일풍경채검단IV_아파트,제일풍경채검단IV_아파트,APT,아파트,공동주택,건물,인천광역시,검단구,불로동,963,1,-,-,-,-,-,-,-,대지,-,125678.15,65733.4551,191411.6051,25,4,10,1050,20,-,1.3,-,2027-02-17,-,2027-01-02,SKT,인천광역시 검단구 불로동 963 1,미등록,"101,104,106,108,110",37.61495041,126.6985043,등록,-,-,-,-,미검증
수도권,2027,m-RAPA-2212-6846,일산e편한세상메이포레3단지_아파트,일산e편한세상메이포레3단지_아파트,APT,아파트,공동주택,건물,경기도,고양시 일산동구,풍동,풍동2지구 4블럭 도시개발구역,A3,-,-,-,-,-,-,-,블록,-,48562.2,22829.27,71391.47,36,2,4,457,8,-,1.3,-,2027-02-14,-,2026-12-30,LGU+,경기도 고양시 일산동구 풍동 풍동2지구 4블럭 도시개발구역 A3,미등록,해당사항없음,37.66599,126.803625,등록,-,-,-,-,미검증
수도권,2027,m-RAPA-2212-6842,일산e편한세상메이포레1단지_아파트,일산e편한세상메이포레1단지_아파트,APT,아파트,공동주택,건물,경기도,고양시 일산동구,풍동,풍동2지구 4블럭 도시개발구역,A1,-,-,-,-,-,-,-,블록,-,36568.23,16493.26,53061.49,36,2,4,321,8,-,1.3,-,2027-02-14,-,2026-12-30,SKT,경기도 고양시 일산동구 풍동 풍동2지구 4블럭 도시개발구역 A1,미등록,해당사항없음,37.664436,126.800823,등록,-,-,-,-,미검증
수도권,2027,m-RAPA-2212-6843,일산e편한세상메이포레2단지_아파트,일산e편한세상메이포레2단지_아파트,APT,아파트,공동주택,건물,경기도,고양시 일산동구,풍동,풍동2지구 4블럭 도시개발구역,A2,-,-,-,-,-,-,-,블록,-,60141.43,27383.99,87525.42,36,2,5,564,10,-,1.3,-,2027-02-14,-,2026-12-30,KT,경기도 고양시 일산동구 풍동 풍동2지구 4블럭 도시개발구역 A2,미등록,"202,203,204",37.663408,126.801834,등록,-,-,-,-,미검증
중부,2027,m-RAPA-1812-7573,가양동다우갤러리휴리움아파트,가양동다우갤러리휴리움아파트,APT,아파트,공동주택,건물,대전광역시,동구,가양동,53,4,-,-,-,-,-,-,-,대지,-,23244.3512,7890.0496,31134.4008,23,2,4,224,8,286,1.28,-,2027-02-12,-,2026-12-28,KT,대전광역시 동구 가양동 53 4,미등록,해당사항없음,36.34911167,127.4502763,등록,동일,동일,동일,동일,정상
수도권,2027,m-RAPA-2110-6387,남양주왕숙 B-1BL 공동주택건설공사,왕숙 푸르지오 더 퍼스트 1단지,APT,500세대 이상,-,-,경기도,남양주시,진접읍,남양주왕숙 공공주택지구,B-1,연평리,경기도,남양주시,진접읍,연평리,768,-,블록,-,61234.76,36209.53,97444.29,25,2,9,560,18,-,1.3,-,2027-02-11,-,2026-12-28,SKT,경기도 남양주시 진접읍 연평리 남양주왕숙 공공주택지구 B-1,단독,"103,105,108",37.68837914,127.1718652,등록,-,-,-,-,미검증
수도권,2027,m-RAPA-2110-6422,하남교산 A2BL 공동주택 건설공사,교산 푸르지오 더 퍼스트,APT,500세대 이상,-,-,경기도,하남시,천현동,하남교산 공공주택지구,A2,-,-,-,-,-,-,-,블록,-,94716.89,55791.13,150508.02,29,2,14,1115,28,-,1.3,-,2027-02-11,-,2026-12-28,KT,경기도 하남시 천현동 하남교산 공공주택지구 A2,단독,"203,204,207,209,213,000",37.53692854,127.2177142,등록,-,-,-,-,미검증
수도권,2027,m-RAPA-2110-6142,남양주왕숙 B17BL 공동주택(공공분양) 건설공사,남양주왕숙 B-17블록 공공분양,APT,500세대 미만,-,-,경기도,남양주시,진건읍,남양주왕숙 공공주택지구,B17,진관리,경기도,남양주시,진건읍,진관리,146,6,블록,-,56851.53,28030.3,84881.83,25,2,8,499,16,-,1.3,-,2027-02-11,-,2026-12-28,RAPA,경기도 남양주시 진건읍 진관리 남양주왕숙 공공주택지구 B17,단독,해당사항없음,37.65653966,127.1711005,등록,-,-,-,-,미검증
서부,2027,m-RAPA-2208-4675,군산시 조촌동 773-4번지 공동주택 계획안,-,APT,500세대 미만,-,-,전북특별자치도,군산시,조촌동,773,4,-,-,-,-,-,-,-,대지,-,47397.6001,0,47397.6001,39,0,2,256,4,-,1.3,-,2027-02-09,-,2027-04-29,RAPA,전북특별자치도 군산시 조촌동 773 4,단독,해당없음,35.96448704,126.736662,등록,-,-,-,-,미검증
수도권,2027,m-RAPA-2305-1725,검단아테라자이_아파트,검단아테라자이_아파트,APT,아파트,공동주택,건물,인천광역시,검단구,불로동,인천검단지구 택지개발사업,AB21-1,-,-,-,-,-,-,-,블록,-,64310.2276,35729.9201,100040.1477,25,2,6,709,12,922,1.3,-,2027-02-04,-,2026-12-18,KT,인천광역시 검단구 불로동 인천검단지구 택지개발사업 AB21-1,미등록,"101,104,106",37.610273,126.682548,등록,동일,동일,동일,동일,정상
동부,2027,m-RAPA-2302-0515,부산진구 양정동 270-7 근린생활시설 신축공사,양정자이더샵SK뷰,APT,인빌딩,제1종 근린생활시설,건물,부산광역시,부산진구,양정동,270,7,-,-,-,-,-,-,-,대지,-,2710.45,128.34,2838.79,15,1,1,0,2,-,1.3,-,2027-01-31,-,2026-12-16,LGU+,부산광역시 부산진구 양정동 270 7,미등록,1.지상1층: 계단실 인근 건축물 외벽,35.17566921,129.073732,등록,-,-,-,-,미검증
수도권,2027,m-RAPA-2212-6763,회산동 르네상스 공동주택 신축공사,강릉 회산동 르네상스 에비뉴,APT,아파트,공동주택,건물,강원특별자치도,강릉시,회산동,536,-,-,-,-,-,-,-,-,대지,-,39397.735,20022.3513,59420.0863,28,2,3,329,6,-,1.3,-,2027-01-31,-,2026-12-16,KT,강원특별자치도 강릉시 회산동 536,미등록,해당없음,37.74255751,128.8634433,등록,-,-,-,-,미검증
수도권,2027,m-RAPA-2211-6287,더플래티넘센트럴포레아파트,더플래티넘센트럴포레아파트,APT,아파트,공동주택,건물,경기도,양주시,삼숭동,187,47,-,-,-,-,-,-,-,대지,-,59091.7475,33400.451,92492.1985,20,4,8,600,16,-,1.3,-,2027-01-31,-,2026-12-16,KT,경기도 양주시 삼숭동 187 47,미등록,"101,102,103,104,107",37.80016514,127.1059504,등록,-,-,-,-,미검증
서부,2027,m-RAPA-2209-5111,김제시 검산동 공동주택 신축공사,김제검산예다음아파트,APT,아파트,공동주택,건물,전북특별자치도,김제시,검산동,510,7,-,-,-,-,-,-,-,대지,-,77148.3289,43800.5148,120948.8437,29,2,9,648,18,0,1.3,-,2027-01-31,-,2026-12-16,LGU+,전북특별자치도 김제시 검산동 510 7,단독,"103,105,106,107",35.80502802,126.9081486,등록,상이(웹검색결과: 2027.03),동일,동일,동일,준공예정일 확인 필요
수도권,2027,m-RAPA-2502-0296,경기도 의정부시 호원동 57-3번지 일원 주상복합아파트 계획안 (LH매입임대사업),경기도 의정부시 호원동 주상복합아파트,APT,500세대 미만,-,-,경기도,의정부시,호원동,57,3,-,-,-,-,-,-,-,대지,-,9553.37,2632.37,12185.74,17,1,1,81,2,-,1.3,-,2027-01-30,-,2026-12-15,RAPA,경기도 의정부시 호원동 57 3,미등록,해당사항없음,37.71970998,127.0461445,등록,-,-,-,-,미검증
동부,2027,m-RAPA-2209-5273,수성구 청솔로 가로주택정비사업,수성청솔로아파트,APT,아파트,공동주택,건물,대구광역시,수성구,수성동3가,23,-,-,-,-,-,-,-,-,대지,-,7414.4206,6582.9035,13997.3241,16,2,1,90,2,-,1.3,-,2027-01-30,-,2026-12-15,SKT,대구광역시 수성구 수성동3가 23,미등록,1. 지상1층 : D.A 상부 인근,35.85834937,128.6209376,등록,-,-,-,-,미검증
동부,2027,m-RAPA-2204-1931,울산광역시 남구 신정동 638-1번지 공동주택 신축공사,힐스테이트 문수로 센트럴,APT,500세대 미만,-,-,울산광역시,남구,신정동,638,1,-,-,-,-,-,-,-,대지,-,31556.1178,15348.543,46904.6608,19,5,2,301,4,-,1.3,-,2027-01-30,-,2026-12-16,RAPA,울산광역시 남구 신정동 638 1,미등록,해당사항없음,35.54141302,129.3076789,등록,-,-,-,-,미검증
동부,2027,m-RAPA-2204-1933,울산광역시 남구 신정동 636-1번지 공동주택 신축공사,울산광역시 남구 신정동 공동주택,APT,500세대 미만,-,-,울산광역시,남구,신정동,636,1,-,-,-,-,-,-,-,대지,-,30665.8322,14881.5662,45547.3984,19,5,2,301,4,-,1.3,-,2027-01-30,-,2026-12-16,RAPA,울산광역시 남구 신정동 636 1,미등록,해당사항없음,35.54181018,129.307638,등록,-,-,-,-,미검증
수도권,2027,m-RAPA-2211-6083,서대문구 홍은동 크로바빌라 가로주택정비사업,홍은동 크로바빌라 아파트,APT,500세대 미만,-,-,서울특별시,서대문구,홍은동,277,200,-,-,-,-,-,-,-,대지,-,2868.1056,1743.2906,4611.3962,11,2,1,40,2,-,1.3,-,2027-01-30,-,2026-12-15,RAPA,서울특별시 서대문구 홍은동 277 200,미등록,1.지상1층: 펌프실 상부 지하층 환기부 인근 건축물 외벽(도로향),37.57961581,126.9335834,등록,-,-,-,-,미검증
중부,2027,m-RAPA-2107-4654,힐스테이트선화더와이즈,힐스테이트선화더와이즈,APT,아파트,공동주택,건물,대전광역시,중구,선화동,85,-,-,-,-,-,-,-,-,대지,-,121573.45,59944.95,181518.4,49,5,5,851,10,1287,1.51,-,2027-01-30,-,2026-12-15,-,대전광역시 중구 선화동 85,미등록,"401,402,404",36.33603809,127.4185097,등록,상이(웹검색결과: 2027.02),동일,동일,동일,준공예정일 확인 필요
동부,2027,m-RAPA-2103-1329,대구 달서구 본리동 주거복합 신축공사,본리자이,APT,아파트,공동주택,건물,대구광역시,달서구,본리동,661,9,-,-,-,-,-,-,-,대지,-,59539.3347,22181.78,81721.1147,49,5,3,0,6,-,1.3,-,2027-01-30,-,2026-12-15,KT,대구광역시 달서구 본리동 661 9,단독,해당없음,35.83765969,128.5330766,등록,-,-,-,-,미검증
수도권,2027,m-RAPA-2009-5139,상봉라온프라이빗아파트,상봉라온프라이빗아파트,APT,아파트,공동주택,건물,서울특별시,중랑구,중화동,296,44,-,-,-,-,-,-,-,대지,-,15328.7067,7597.3214,22926.0281,20,2,2,219,4,-,1.3,-,2027-01-30,-,2026-12-15,KT,서울특별시 중랑구 중화동 296 44,미등록,1.지상1층: 지상주차장 출입구 인근 지하층 환기부(도로향),37.59634896,127.0793908,등록,-,-,-,-,미검증
서부,2027,m-RAPA-2106-3707,더샵광양레이크센텀,더샵광양레이크센텀,APT,아파트,공동주택,건물,전남광주통합특별시,광양시,마동,348,4,-,-,-,-,-,-,-,대지,-,111936.8965,67254.8279,179191.7244,29,3,9,920,18,-,1.3,-,2027-01-29,-,2026-12-14,-,전남광주통합특별시 광양시 마동 348 4,미등록,"102,106,107,108",34.949912,127.70337,등록,-,-,-,-,미검증
중부,2027,m-RAPA-2411-3071,행정중심복합도시 5-1생활권 L5BL 아파트 건설공사,세종 5-1생활권 L5블록 아파트,APT,아파트,공동주택,건물,세종특별자치시,세종,연동면,행정중심복합도시건설사업,5-1생활권 L5,합강리,세종특별자치시,-,연동면,합강리,490,9,블록,-,106815.57,39262.33,146077.9,12,1,19,1327,38,-,1.3,-,2027-01-28,-,2026-12-13,-,세종특별자치시 세종 연동면 합강리 행정중심복합도시건설사업 5-1생활권 L5,미등록,"501,502,506,508,510,000,000,000",36.52061853,127.347961,등록,-,-,-,-,미검증
동부,2027,m-RAPA-2111-7124,울산태화강변 A-1BL공공주택 건설공사,-,APT,500세대 미만,-,-,울산광역시,울주군,범서읍,울산태화강변 공공주택지구,A-1,굴화리,울산광역시,울주군,범서읍,굴화리,15,16,블록,-,15995.05,4726.82,20721.87,15,1,3,324,6,-,1.3,-,2027-01-23,-,2026-12-08,RAPA,울산광역시 울주군 범서읍 굴화리 울산태화강변 공공주택지구 A-1,단독,1. 지상1층 : D.A 상부 인근,35.5592919,129.2581367,등록,-,-,-,-,미검증
수도권,2027,m-RAPA-2310-3718,강화 교직원 공동관사,강화교직원공동관사,APT,500세대 미만,-,-,인천광역시,강화군,길상면,118,18,온수리,-,-,-,-,-,-,대지,-,3999,295.01,4294.01,4,1,5,80,10,-,1.3,-,2027-01-20,-,2026-12-05,RAPA,인천광역시 강화군 길상면 온수리 118 18,SKT,1. 지하1층: 전기실 인근 건축물 외벽,37.64601975,126.4793286,등록,-,-,-,-,미검증
수도권,2027,m-RAPA-2103-1663,평택 BRAIN CITY 공동 1BL 중흥 S-클래스 아파트 신축공사,평택브레인시티중흥S-클래스아파트,APT,아파트,공동주택,건물,경기도,평택시,장안동,평택 브레인시티일반산업단지,공동1,-,-,-,-,-,-,-,블록,-,211805.8426,113584.6446,325390.4872,35,2,16,1980,32,-,1.3,-,2027-01-20,-,2026-11-19,LGU+,경기도 평택시 장안동 평택 브레인시티일반산업단지 공동1,미등록,"103,105,106,111,114,000,000",37.0589405,127.0917105,등록,-,-,-,-,미검증
서부,2027,m-RAPA-2212-6849,힐스테이트죽림더프라우드2BL아파트,힐스테이트죽림더프라우드2BL아파트,APT,아파트,공동주택,건물,전남광주통합특별시,여수시,소라면,여수 죽림1지구 도시개발구역,-,죽림리,전라남도,여수시,소라면,죽림리,1313,-,블록,-,19070.8296,53382.4588,72453.2884,23,3,15,931,30,-,1.3,-,2027-01-14,-,2026-11-29,LGU+,전남광주통합특별시 여수시 소라면 죽림리 여수 죽림1지구 도시개발구역,LGU+,"202,205,207,213,215",34.75982474,127.6386013,등록,-,-,-,-,미검증
중부,2027,m-RAPA-2211-6124,더샵탕정인피니티시티2차아파트,더샵탕정인피니티시티2차아파트,APT,아파트,공동주택,건물,충청남도,아산시,탕정면,아산 탕정지구 도시개발구역,A-3,매곡리,충청남도,아산시,탕정면,매곡리,835,-,블록,-,127292.4805,65102.6847,192395.1652,35,2,9,1214,18,-,1.3,-,2027-01-14,-,2026-11-29,-,충청남도 아산시 탕정면 매곡리 아산 탕정지구 도시개발구역 A-3,SKT,"301,302,303,304,305,000,000,000,000",36.79036203,127.0769253,등록,-,-,-,-,미검증
수도권,2027,m-RAPA-2205-2845,오산세교힐데스하임_아파트,오산세교힐데스하임_아파트,APT,아파트,공동주택,건물,경기도,오산시,벌음동,381,-,-,-,-,-,-,-,-,대지,-,75103.3656,36400.4478,111503.8134,25,2,9,715,18,-,1.3,-,2027-01-14,-,2026-11-29,KT,경기도 오산시 벌음동 381,미등록,"103,106,108,109",37.13893,127.039392,등록,-,-,-,-,미검증
서부,2027,m-RAPA-2208-5041,전주대라수글로벌에듀,전주대라수글로벌에듀,APT,아파트,공동주택,건물,전북특별자치도,전주시 덕진구,금암동,523,143,-,-,-,-,-,-,-,대지,-,53252.473,16506.973,69759.446,29,3,4,0,8,-,1.3,-,2027-01-14,-,2026-11-29,KT,전북특별자치도 전주시 덕진구 금암동 523 143,단독,해당없음,35.83495402,127.1369937,등록,-,-,-,-,미검증
서부,2027,m-RAPA-2212-6852,힐스테이트죽림더프라우드4BL아파트,힐스테이트죽림더프라우드4BL아파트,APT,아파트,공동주택,건물,전남광주통합특별시,여수시,소라면,여수 죽림1지구 도시개발구역,-,죽림리,전라남도,여수시,소라면,죽림리,1315,-,블록,-,38581.778,20806.1575,59387.9355,23,2,5,341,10,-,1.3,-,2027-01-14,-,2026-11-29,SKT,전남광주통합특별시 여수시 소라면 죽림리 여수 죽림1지구 도시개발구역,LGU+,해당없음,34.75719075,127.6389633,등록,-,-,-,-,미검증
수도권,2027,m-RAPA-2106-3961,정선사북 공공주택 건설공사(국민임대주택/행복주택),정선사북행복주택,APT,아파트,공동주택,건물,강원특별자치도,정선군,사북읍,344,4,사북리,-,-,-,-,-,-,대지,-,8936.11,4047.11,12983.22,15,1,2,150,4,-,1.3,-,2027-01-11,-,2026-11-26,-,강원특별자치도 정선군 사북읍 사북리 344 4,LGU+,1. 지상1층: 휀룸 D.A 상부 외벽(2개소),37.22821965,128.8194953,등록,-,-,-,-,미검증
수도권,2027,m-RAPA-2206-3434,부천아테라자이아파트,부천아테라자이아파트,APT,아파트,공동주택,건물,경기도,부천시 소사구,괴안동,부천괴안 공공주택지구,B2,-,-,-,-,-,-,-,블록,-,14826.118,9972.9118,24799.0298,20,2,2,200,4,-,1.3,-,2027-01-10,-,2026-11-30,KT,경기도 부천시 소사구 괴안동 부천괴안 공공주택지구 B2,단독,해당없음,37.479638,126.816799,등록,-,-,-,-,미검증
동부,2027,m-RAPA-2208-4753,부산장안지구디에트르디오션아파트,부산장안지구디에트르디오션아파트,APT,아파트,공동주택,건물,부산광역시,기장군,장안읍,부산장안지구 택지개발사업,B-3,좌천리,부산광역시,기장군,장안읍,좌천리,361,4,블록,-,60352.4843,44950.7295,105303.2138,25,2,6,507,12,819,1.62,-,2027-01-04,-,2026-11-19,SKT,부산광역시 기장군 장안읍 좌천리 부산장안지구 택지개발사업 B-3,단독,"102,103,104,105,106",35.31743431,129.2385926,등록,상이(웹검색결과: 2027.02),동일,동일,동일,준공예정일 확인 필요
수도권,2027,m-RAPA-2004-1846,수원당수A5블록신혼희망타운아파트,수원당수A5블록신혼희망타운아파트,APT,아파트,공동주택,건물,경기도,수원시 권선구,금곡동,178,-,-,-,-,-,-,-,-,대지,-,58052.17,34941.88,92994.05,20,2,12,726,24,-,1.3,-,2027-01-03,-,2026-11-18,SKT,경기도 수원시 권선구 금곡동 178,단독,"501,503,510,512",37.284317,126.94523,등록,-,-,-,-,미검증
중부,2022,m-RAPA-2206-3486,원주단구 도시개발사업 1BL,원주단구 도시개발사업 1BL,CAD,,공동주택,,강원특별자치도,원주시,단구동,,,,,,,,,,,,,,,29,3,8,,,,,,,,,,강원특별자치도 원주시 단구동 원주단구 도시개발사업 1BL,,"101,103,105,107",37.3156871,127.9506903,,,,,,CAD추출(2026-09-15)
